#
# A fatal error has been detected by the Java Runtime Environment:
#
#  EXCEPTION_ACCESS_VIOLATION (0xc0000005) at pc=0x00007ffd4d13e0a9, pid=3148, tid=11140
#
# JRE version: OpenJDK Runtime Environment Microsoft-8035246 (17.0.8+7) (build 17.0.8+7-LTS)
# Java VM: OpenJDK 64-Bit Server VM Microsoft-8035246 (17.0.8+7-LTS, mixed mode, sharing, tiered, compressed oops, compressed class ptrs, g1 gc, windows-amd64)
# Problematic frame:
# V  [jvm.dll+0x2be0a9]
#
# No core dump will be written. Minidumps are not enabled by default on client versions of Windows
#
# If you would like to submit a bug report, please visit:
#   https://github.com/microsoft/openjdk/issues
#

---------------  S U M M A R Y ------------

Command Line: -XX:MaxMetaspaceSize=512m --add-opens=java.base/java.util=ALL-UNNAMED --add-opens=java.base/java.lang=ALL-UNNAMED --add-opens=java.base/java.lang.invoke=ALL-UNNAMED --add-opens=java.prefs/java.util.prefs=ALL-UNNAMED --add-opens=java.base/java.nio.charset=ALL-UNNAMED --add-opens=java.base/java.net=ALL-UNNAMED --add-opens=java.base/java.util.concurrent.atomic=ALL-UNNAMED -Xmx2048m -Dfile.encoding=windows-1252 -Duser.country=US -Duser.language=en -Duser.variant org.gradle.launcher.daemon.bootstrap.GradleDaemon 8.0.1

Host: Intel(R) Core(TM) i5-6500 CPU @ 3.20GHz, 4 cores, 15G,  Windows 10 , 64 bit Build 19041 (10.0.19041.3636)
Time: Wed Jan 17 12:57:26 2024 Pakistan Standard Time elapsed time: 36.775795 seconds (0d 0h 0m 36s)

---------------  T H R E A D  ---------------

Current thread (0x0000026fa1b60510):  JavaThread "C2 CompilerThread1" daemon [_thread_in_native, id=11140, stack(0x000000ebe8800000,0x000000ebe8900000)]


Current CompileTask:
C2:  36775 16240   !   4       org.gradle.cache.internal.DefaultMultiProcessSafePersistentIndexedCache::getIfPresent (25 bytes)

Stack: [0x000000ebe8800000,0x000000ebe8900000],  sp=0x000000ebe88fb590,  free space=1005k
Native frames: (J=compiled Java code, j=interpreted, Vv=VM code, C=native code)
V  [jvm.dll+0x2be0a9]
V  [jvm.dll+0x21ba8b]
V  [jvm.dll+0x21944b]
V  [jvm.dll+0x1a56b6]
V  [jvm.dll+0x2291ea]
V  [jvm.dll+0x22724c]
V  [jvm.dll+0x7efd0c]
V  [jvm.dll+0x7ea13a]
V  [jvm.dll+0x67ad85]
C  [ucrtbase.dll+0x21bb2]
C  [KERNEL32.DLL+0x17344]
C  [ntdll.dll+0x526b1]


siginfo: EXCEPTION_ACCESS_VIOLATION (0xc0000005), reading address 0x0000000000000028


Register to memory mapping:

RIP=0x00007ffd4d13e0a9 jvm.dll
RAX=0x0000026fa38fc4b0 points into unknown readable memory: 0x0000000000000000 | 00 00 00 00 00 00 00 00
RBX=0x0000000000001924 is an unknown value
RCX=0x0 is NULL
RDX=0x0 is NULL
RSP=0x000000ebe88fb590 is pointing into the stack for thread: 0x0000026fa1b60510
RBP=0x000000ebe88fb600 is pointing into the stack for thread: 0x0000026fa1b60510
RSI=0x0 is NULL
RDI=0x000000000000004d is an unknown value
R8 =0x000000000000ffe0 is an unknown value
R9 =0x0 is NULL
R10=0x00007ffda9e10000 VCRUNTIME140.dll
R11=0x0000026fa38fc4d0 points into unknown readable memory: 0x0000000000000000 | 00 00 00 00 00 00 00 00
R12=0x0000000000000050 is an unknown value
R13=0x0 is NULL
R14=0x0 is NULL
R15=0x000000ebe88fe7b0 is pointing into the stack for thread: 0x0000026fa1b60510


Registers:
RAX=0x0000026fa38fc4b0, RBX=0x0000000000001924, RCX=0x0000000000000000, RDX=0x0000000000000000
RSP=0x000000ebe88fb590, RBP=0x000000ebe88fb600, RSI=0x0000000000000000, RDI=0x000000000000004d
R8 =0x000000000000ffe0, R9 =0x0000000000000000, R10=0x00007ffda9e10000, R11=0x0000026fa38fc4d0
R12=0x0000000000000050, R13=0x0000000000000000, R14=0x0000000000000000, R15=0x000000ebe88fe7b0
RIP=0x00007ffd4d13e0a9, EFLAGS=0x0000000000010202

Top of Stack: (sp=0x000000ebe88fb590)
0x000000ebe88fb590:   0000000000001924 0000000000000000
0x000000ebe88fb5a0:   000000ebe88fe7b0 00007ffd4d0a38d1
0x000000ebe88fb5b0:   0000026ff782f1a0 00007ffd00002000
0x000000ebe88fb5c0:   0000026fa38fc4b0 0000000000000000
0x000000ebe88fb5d0:   0000000000000002 0000026f9b0d52e0
0x000000ebe88fb5e0:   0000000000000002 0000026ff782f1a0
0x000000ebe88fb5f0:   0000000000000000 0000000000000000
0x000000ebe88fb600:   0000026f9c867bd0 0000026fd76e26c0
0x000000ebe88fb610:   000000000000004d 00007ffd4d7c4c08
0x000000ebe88fb620:   000000ebe88fb730 00007ffd4d09ba8b
0x000000ebe88fb630:   000000ebe88fe7b0 00007ffd4d7c4c08
0x000000ebe88fb640:   000000ebe88fe7b0 000000ebe88fb730
0x000000ebe88fb650:   0000026f00000000 00007ffd4d49b7fb
0x000000ebe88fb660:   000000eb0000000f 000000ebe88fe7b0
0x000000ebe88fb670:   000000ebe88fb7e0 0000000000000000
0x000000ebe88fb680:   0000026f00000100 00007ffd4d7c4c08 

Instructions: (pc=0x00007ffd4d13e0a9)
0x00007ffd4d13dfa9:   3b d0 75 0b ff c1 41 3b c9 7c dc 48 8b c2 c3 33
0x00007ffd4d13dfb9:   c0 c3 cc cc cc cc cc 48 89 5c 24 18 55 56 57 41
0x00007ffd4d13dfc9:   55 41 57 48 8b ec 48 83 ec 70 65 48 8b 04 25 58
0x00007ffd4d13dfd9:   00 00 00 48 8b f2 44 8b 05 d2 8b 90 00 4c 8b f9
0x00007ffd4d13dfe9:   4a 8b 1c c0 b8 50 00 00 00 80 3c 18 00 75 05 e8
0x00007ffd4d13dff9:   8b 6f 5d 00 b8 20 00 00 00 48 8b 04 18 48 8b 98
0x00007ffd4d13e009:   38 02 00 00 48 89 5d b0 c7 45 b8 04 00 00 00 48
0x00007ffd4d13e019:   8b 43 18 48 83 f8 df 76 18 4c 8d 05 37 a9 65 00
0x00007ffd4d13e029:   ba 20 00 00 00 48 8b cb e8 5a eb de ff 48 8b 43
0x00007ffd4d13e039:   18 48 8d 48 20 48 3b 4b 20 76 11 45 33 c0 48 8b
0x00007ffd4d13e049:   cb 41 8d 50 20 e8 fd e8 de ff eb 04 48 89 4b 18
0x00007ffd4d13e059:   44 8b 45 b8 33 d2 49 c1 e0 03 48 8b c8 48 89 45
0x00007ffd4d13e069:   c0 e8 e3 80 5d 00 45 33 ed 48 8d 4d d0 44 89 6d
0x00007ffd4d13e079:   c8 e8 01 59 56 00 41 8b 9f 40 02 00 00 41 2b 9f
0x00007ffd4d13e089:   68 02 00 00 44 89 6d f0 3b 5d b8 72 0b 8b d3 48
0x00007ffd4d13e099:   8d 4d b0 e8 6f b3 39 00 48 8b 45 c0 4c 89 2c d8
0x00007ffd4d13e0a9:   8b 7e 28 8b df c1 eb 05 3b 5d d0 72 0b 8b d3 48
0x00007ffd4d13e0b9:   8d 4d d0 e8 1f 59 56 00 48 8b 45 d8 83 e7 1f 48
0x00007ffd4d13e0c9:   8d 14 98 40 0f b6 cf 41 b8 01 00 00 00 41 d3 e0
0x00007ffd4d13e0d9:   8b 0a 8b c1 41 0b c0 89 02 41 85 c8 75 21 8b 5d
0x00007ffd4d13e0e9:   c8 8d 43 01 89 45 c8 3b 5d b8 72 0b 8b d3 48 8d
0x00007ffd4d13e0f9:   4d b0 e8 10 b3 39 00 48 8b 45 c0 48 89 34 d8 44
0x00007ffd4d13e109:   39 6d c8 0f 86 77 01 00 00 4c 89 a4 24 a0 00 00
0x00007ffd4d13e119:   00 4c 89 b4 24 a8 00 00 00 48 8b 45 c0 41 8b cd
0x00007ffd4d13e129:   48 8b 34 c8 8b 46 2c 25 ff 1f 00 00 3d 04 10 00
0x00007ffd4d13e139:   00 0f 85 a7 00 00 00 bb 01 00 00 00 39 5e 18 76
0x00007ffd4d13e149:   39 66 0f 1f 44 00 00 48 8b 46 08 8b cb 48 8b 14
0x00007ffd4d13e159:   c8 48 85 d2 74 1d 48 83 7a 10 00 74 16 80 7a 2c
0x00007ffd4d13e169:   84 74 10 e8 7f 7e ee ff 48 8b d0 49 8b cf e8 a4
0x00007ffd4d13e179:   61 f6 ff ff c3 3b 5e 18 72 cd 48 8b 5e 10 8b 46
0x00007ffd4d13e189:   20 4c 8d 34 c3 49 3b de 73 54 48 8b 3b 8b 47 2c
0x00007ffd4d13e199:   83 e0 03 3c 03 75 2e 48 8b 07 48 8b cf ff 90 88 


Stack slot to memory mapping:
stack at sp + 0 slots: 0x0000000000001924 is an unknown value
stack at sp + 1 slots: 0x0 is NULL
stack at sp + 2 slots: 0x000000ebe88fe7b0 is pointing into the stack for thread: 0x0000026fa1b60510
stack at sp + 3 slots: 0x00007ffd4d0a38d1 jvm.dll
stack at sp + 4 slots: 0x0000026ff782f1a0 points into unknown readable memory: 0x0000026f00000006 | 06 00 00 00 6f 02 00 00
stack at sp + 5 slots: 0x00007ffd00002000 is an unknown value
stack at sp + 6 slots: 0x0000026fa38fc4b0 points into unknown readable memory: 0x0000000000000000 | 00 00 00 00 00 00 00 00
stack at sp + 7 slots: 0x0 is NULL


---------------  P R O C E S S  ---------------

Threads class SMR info:
_java_thread_list=0x0000026ff77596a0, length=89, elements={
0x0000026fd76cb630, 0x0000026ff7220ef0, 0x0000026ff7222c90, 0x0000026ff7237350,
0x0000026ff7239ff0, 0x0000026ff723bcd0, 0x0000026ff723c5a0, 0x0000026ff723ecd0,
0x0000026ff72503f0, 0x0000026ff7398080, 0x0000026ff74c0e50, 0x0000026ff74c27a0,
0x0000026ff74bff20, 0x0000026ff74c1d80, 0x0000026ff74beff0, 0x0000026ff74c1360,
0x0000026ff74bf500, 0x0000026ff74c2290, 0x0000026ff74c1870, 0x0000026ff74bfa10,
0x0000026ff74c0430, 0x0000026ff74c0940, 0x0000026ffc6ebe10, 0x0000026ffc6eaee0,
0x0000026ffc6e9590, 0x0000026ffc6ec320, 0x0000026ffc6e9080, 0x0000026ffc6e7730,
0x0000026ffc6ed250, 0x0000026ffc6e6d10, 0x0000026ffc6e7220, 0x0000026ffc6ea9d0,
0x0000026ffc6ec830, 0x0000026ffc6ecd40, 0x0000026ffc6e9fb0, 0x0000026ffc6eb900,
0x0000026ffc6ee690, 0x0000026ffc6e8660, 0x0000026ffd82c210, 0x0000026ffd82b2e0,
0x0000026ffd82b7f0, 0x0000026ffd82c720, 0x0000026ffd829990, 0x0000026ffd829480,
0x0000026ffd829ea0, 0x0000026ffd82a8c0, 0x0000026ff760e550, 0x0000026ff760d110,
0x0000026ff760f990, 0x0000026ff7611d00, 0x0000026ff76103b0, 0x0000026ff760fea0,
0x0000026ff7612210, 0x0000026ff76112e0, 0x0000026ff76108c0, 0x0000026ff7610dd0,
0x0000026ff76117f0, 0x0000026ff7613b60, 0x0000026ff760ea60, 0x0000026ff760ef70,
0x0000026ff7612720, 0x0000026ff760f480, 0x0000026ff7614a90, 0x0000026ff7612c30,
0x0000026ff7613140, 0x0000026ff7613650, 0x0000026ff7614070, 0x0000026f9c2d5de0,
0x0000026f9c2d8b70, 0x0000026f9c2d9aa0, 0x0000026f9c2d62f0, 0x0000026f9c2d53c0,
0x0000026f9c2d6800, 0x0000026f9c2d9fb0, 0x0000026f9c2d8150, 0x0000026f9c2daee0,
0x0000026f9c2da9d0, 0x0000026f9c2d4490, 0x0000026f9c2d58d0, 0x0000026f9c2db3f0,
0x0000026f9c2d49a0, 0x0000026f9c2d4eb0, 0x0000026f9c2d6d10, 0x0000026f9c2d7220,
0x0000026f9c2d7c40, 0x0000026f9c2d7730, 0x0000026f9c2d8660, 0x0000026fa1b60510,
0x0000026f9c1ecf60
}

Java Threads: ( => current thread )
  0x0000026fd76cb630 JavaThread "main" [_thread_blocked, id=11532, stack(0x000000ebe8b00000,0x000000ebe8c00000)]
  0x0000026ff7220ef0 JavaThread "Reference Handler" daemon [_thread_blocked, id=12984, stack(0x000000ebe9200000,0x000000ebe9300000)]
  0x0000026ff7222c90 JavaThread "Finalizer" daemon [_thread_blocked, id=5256, stack(0x000000ebe9300000,0x000000ebe9400000)]
  0x0000026ff7237350 JavaThread "Signal Dispatcher" daemon [_thread_blocked, id=10856, stack(0x000000ebe9400000,0x000000ebe9500000)]
  0x0000026ff7239ff0 JavaThread "Attach Listener" daemon [_thread_blocked, id=6756, stack(0x000000ebe9500000,0x000000ebe9600000)]
  0x0000026ff723bcd0 JavaThread "Service Thread" daemon [_thread_blocked, id=9300, stack(0x000000ebe9600000,0x000000ebe9700000)]
  0x0000026ff723c5a0 JavaThread "Monitor Deflation Thread" daemon [_thread_blocked, id=13268, stack(0x000000ebe9700000,0x000000ebe9800000)]
  0x0000026ff723ecd0 JavaThread "C2 CompilerThread0" daemon [_thread_in_native, id=1136, stack(0x000000ebe9800000,0x000000ebe9900000)]
  0x0000026ff72503f0 JavaThread "C1 CompilerThread0" daemon [_thread_blocked, id=8248, stack(0x000000ebe9900000,0x000000ebe9a00000)]
  0x0000026ff7398080 JavaThread "Sweeper thread" daemon [_thread_blocked, id=7528, stack(0x000000ebe9a00000,0x000000ebe9b00000)]
  0x0000026ff74c0e50 JavaThread "Common-Cleaner" daemon [_thread_blocked, id=4632, stack(0x000000ebe9b00000,0x000000ebe9c00000)]
  0x0000026ff74c27a0 JavaThread "Notification Thread" daemon [_thread_blocked, id=9656, stack(0x000000ebe9c00000,0x000000ebe9d00000)]
  0x0000026ff74bff20 JavaThread "Daemon health stats" [_thread_blocked, id=416, stack(0x000000ebea200000,0x000000ebea300000)]
  0x0000026ff74c1d80 JavaThread "Incoming local TCP Connector on port 59167" [_thread_in_native, id=5848, stack(0x000000ebea300000,0x000000ebea400000)]
  0x0000026ff74beff0 JavaThread "Daemon periodic checks" [_thread_blocked, id=9972, stack(0x000000ebea400000,0x000000ebea500000)]
  0x0000026ff74c1360 JavaThread "Daemon" [_thread_blocked, id=8572, stack(0x000000ebea500000,0x000000ebea600000)]
  0x0000026ff74bf500 JavaThread "Handler for socket connection from /127.0.0.1:59167 to /127.0.0.1:59168" [_thread_in_native, id=12868, stack(0x000000ebea600000,0x000000ebea700000)]
  0x0000026ff74c2290 JavaThread "Cancel handler" [_thread_blocked, id=15216, stack(0x000000ebea700000,0x000000ebea800000)]
  0x0000026ff74c1870 JavaThread "Daemon worker" [_thread_blocked, id=1872, stack(0x000000ebea800000,0x000000ebea900000)]
  0x0000026ff74bfa10 JavaThread "Asynchronous log dispatcher for DefaultDaemonConnection: socket connection from /127.0.0.1:59167 to /127.0.0.1:59168" [_thread_blocked, id=13920, stack(0x000000ebea900000,0x000000ebeaa00000)]
  0x0000026ff74c0430 JavaThread "Stdin handler" [_thread_blocked, id=4336, stack(0x000000ebeaa00000,0x000000ebeab00000)]
  0x0000026ff74c0940 JavaThread "Daemon client event forwarder" [_thread_blocked, id=4080, stack(0x000000ebeab00000,0x000000ebeac00000)]
  0x0000026ffc6ebe10 JavaThread "Cache worker for journal cache (C:\Users\pc\.gradle\caches\journal-1)" [_thread_blocked, id=11656, stack(0x000000ebeac00000,0x000000ebead00000)]
  0x0000026ffc6eaee0 JavaThread "File lock request listener" [_thread_in_native, id=12628, stack(0x000000ebead00000,0x000000ebeae00000)]
  0x0000026ffc6e9590 JavaThread "Cache worker for file hash cache (C:\Users\pc\.gradle\caches\8.0.1\fileHashes)" [_thread_blocked, id=12384, stack(0x000000ebeae00000,0x000000ebeaf00000)]
  0x0000026ffc6ec320 JavaThread "File watcher server" daemon [_thread_in_native, id=748, stack(0x000000ebeaf00000,0x000000ebeb000000)]
  0x0000026ffc6e9080 JavaThread "File watcher consumer" daemon [_thread_blocked, id=6168, stack(0x000000ebeb000000,0x000000ebeb100000)]
  0x0000026ffc6e7730 JavaThread "Cache worker for checksums cache (E:\Frontend\Exhaust\android\.gradle\8.0.1\checksums)" [_thread_blocked, id=11500, stack(0x000000ebe9e00000,0x000000ebe9f00000)]
  0x0000026ffc6ed250 JavaThread "Cache worker for cache directory md-rule (C:\Users\pc\.gradle\caches\8.0.1\md-rule)" [_thread_blocked, id=980, stack(0x000000ebeb100000,0x000000ebeb200000)]
  0x0000026ffc6e6d10 JavaThread "Cache worker for file content cache (C:\Users\pc\.gradle\caches\8.0.1\fileContent)" [_thread_blocked, id=7320, stack(0x000000ebeb300000,0x000000ebeb400000)]
  0x0000026ffc6e7220 JavaThread "Cache worker for file hash cache (E:\Frontend\Exhaust\android\.gradle\8.0.1\fileHashes)" [_thread_blocked, id=12376, stack(0x000000ebeb400000,0x000000ebeb500000)]
  0x0000026ffc6ea9d0 JavaThread "Cache worker for cache directory md-supplier (C:\Users\pc\.gradle\caches\8.0.1\md-supplier)" [_thread_blocked, id=11148, stack(0x000000ebeb500000,0x000000ebeb600000)]
  0x0000026ffc6ec830 JavaThread "Cache worker for execution history cache (C:\Users\pc\.gradle\caches\8.0.1\executionHistory)" [_thread_blocked, id=7160, stack(0x000000ebeb600000,0x000000ebeb700000)]
  0x0000026ffc6ecd40 JavaThread "jar transforms" [_thread_blocked, id=15172, stack(0x000000ebeb800000,0x000000ebeb900000)]
  0x0000026ffc6e9fb0 JavaThread "jar transforms Thread 2" [_thread_blocked, id=7020, stack(0x000000ebeb900000,0x000000ebeba00000)]
  0x0000026ffc6eb900 JavaThread "jar transforms Thread 3" [_thread_blocked, id=9408, stack(0x000000ebeba00000,0x000000ebebb00000)]
  0x0000026ffc6ee690 JavaThread "jar transforms Thread 4" [_thread_blocked, id=10756, stack(0x000000ebebb00000,0x000000ebebc00000)]
  0x0000026ffc6e8660 JavaThread "Cache worker for kotlin-dsl (C:\Users\pc\.gradle\caches\8.0.1\kotlin-dsl)" [_thread_blocked, id=2432, stack(0x000000ebebc00000,0x000000ebebd00000)]
  0x0000026ffd82c210 JavaThread "Cache worker for dependencies-accessors (E:\Frontend\Exhaust\android\.gradle\8.0.1\dependencies-accessors)" [_thread_blocked, id=12772, stack(0x000000ebebd00000,0x000000ebebe00000)]
  0x0000026ffd82b2e0 JavaThread "Cache worker for Build Output Cleanup Cache (E:\Frontend\Exhaust\node_modules\@react-native\gradle-plugin\.gradle\buildOutputCleanup)" [_thread_blocked, id=11904, stack(0x000000ebebe00000,0x000000ebebf00000)]
  0x0000026ffd82b7f0 JavaThread "Unconstrained build operations" [_thread_blocked, id=5432, stack(0x000000ebeb200000,0x000000ebeb300000)]
  0x0000026ffd82c720 JavaThread "Unconstrained build operations Thread 2" [_thread_blocked, id=9760, stack(0x000000ebec000000,0x000000ebec100000)]
  0x0000026ffd829990 JavaThread "Unconstrained build operations Thread 3" [_thread_blocked, id=11468, stack(0x000000ebec100000,0x000000ebec200000)]
  0x0000026ffd829480 JavaThread "Unconstrained build operations Thread 4" [_thread_blocked, id=8820, stack(0x000000ebec200000,0x000000ebec300000)]
  0x0000026ffd829ea0 JavaThread "Unconstrained build operations Thread 5" [_thread_blocked, id=7404, stack(0x000000ebec300000,0x000000ebec400000)]
  0x0000026ffd82a8c0 JavaThread "Unconstrained build operations Thread 6" [_thread_blocked, id=12180, stack(0x000000ebec400000,0x000000ebec500000)]
  0x0000026ff760e550 JavaThread "Unconstrained build operations Thread 7" [_thread_blocked, id=13152, stack(0x000000ebec500000,0x000000ebec600000)]
  0x0000026ff760d110 JavaThread "Unconstrained build operations Thread 8" [_thread_blocked, id=14520, stack(0x000000ebec600000,0x000000ebec700000)]
  0x0000026ff760f990 JavaThread "Unconstrained build operations Thread 9" [_thread_blocked, id=11376, stack(0x000000ebec700000,0x000000ebec800000)]
  0x0000026ff7611d00 JavaThread "Unconstrained build operations Thread 10" [_thread_blocked, id=10272, stack(0x000000ebec800000,0x000000ebec900000)]
  0x0000026ff76103b0 JavaThread "Unconstrained build operations Thread 11" [_thread_blocked, id=10380, stack(0x000000ebec900000,0x000000ebeca00000)]
  0x0000026ff760fea0 JavaThread "Unconstrained build operations Thread 12" [_thread_blocked, id=14248, stack(0x000000ebeca00000,0x000000ebecb00000)]
  0x0000026ff7612210 JavaThread "Unconstrained build operations Thread 13" [_thread_blocked, id=9536, stack(0x000000ebecb00000,0x000000ebecc00000)]
  0x0000026ff76112e0 JavaThread "Unconstrained build operations Thread 14" [_thread_blocked, id=6328, stack(0x000000ebecc00000,0x000000ebecd00000)]
  0x0000026ff76108c0 JavaThread "Unconstrained build operations Thread 15" [_thread_blocked, id=13760, stack(0x000000ebecd00000,0x000000ebece00000)]
  0x0000026ff7610dd0 JavaThread "Unconstrained build operations Thread 16" [_thread_blocked, id=3964, stack(0x000000ebece00000,0x000000ebecf00000)]
  0x0000026ff76117f0 JavaThread "Unconstrained build operations Thread 17" [_thread_blocked, id=5484, stack(0x000000ebecf00000,0x000000ebed000000)]
  0x0000026ff7613b60 JavaThread "Unconstrained build operations Thread 18" [_thread_blocked, id=11060, stack(0x000000ebed000000,0x000000ebed100000)]
  0x0000026ff760ea60 JavaThread "Unconstrained build operations Thread 19" [_thread_blocked, id=1700, stack(0x000000ebed100000,0x000000ebed200000)]
  0x0000026ff760ef70 JavaThread "Unconstrained build operations Thread 20" [_thread_blocked, id=4124, stack(0x000000ebed200000,0x000000ebed300000)]
  0x0000026ff7612720 JavaThread "Unconstrained build operations Thread 21" [_thread_blocked, id=7676, stack(0x000000ebed300000,0x000000ebed400000)]
  0x0000026ff760f480 JavaThread "Unconstrained build operations Thread 22" [_thread_blocked, id=12976, stack(0x000000ebed400000,0x000000ebed500000)]
  0x0000026ff7614a90 JavaThread "Unconstrained build operations Thread 23" [_thread_blocked, id=2464, stack(0x000000ebed500000,0x000000ebed600000)]
  0x0000026ff7612c30 JavaThread "Unconstrained build operations Thread 24" [_thread_blocked, id=9208, stack(0x000000ebed600000,0x000000ebed700000)]
  0x0000026ff7613140 JavaThread "Unconstrained build operations Thread 25" [_thread_blocked, id=5944, stack(0x000000ebed700000,0x000000ebed800000)]
  0x0000026ff7613650 JavaThread "Unconstrained build operations Thread 26" [_thread_blocked, id=10500, stack(0x000000ebed800000,0x000000ebed900000)]
  0x0000026ff7614070 JavaThread "Memory manager" [_thread_blocked, id=4772, stack(0x000000ebeda00000,0x000000ebedb00000)]
  0x0000026f9c2d5de0 JavaThread "Cache worker for Build Output Cleanup Cache (E:\Frontend\Exhaust\android\.gradle\buildOutputCleanup)" [_thread_blocked, id=5076, stack(0x000000ebedb00000,0x000000ebedc00000)]
  0x0000026f9c2d8b70 JavaThread "included builds" [_thread_blocked, id=7292, stack(0x000000ebedc00000,0x000000ebedd00000)]
  0x0000026f9c2d9aa0 JavaThread "Execution worker" [_thread_blocked, id=3584, stack(0x000000ebedd00000,0x000000ebede00000)]
  0x0000026f9c2d62f0 JavaThread "Execution worker Thread 2" [_thread_blocked, id=5876, stack(0x000000ebede00000,0x000000ebedf00000)]
  0x0000026f9c2d53c0 JavaThread "Execution worker Thread 3" [_thread_blocked, id=13872, stack(0x000000ebedf00000,0x000000ebee000000)]
  0x0000026f9c2d6800 JavaThread "Cache worker for execution history cache (E:\Frontend\Exhaust\node_modules\@react-native\gradle-plugin\.gradle\8.0.1\executionHistory)" [_thread_blocked, id=8092, stack(0x000000ebee000000,0x000000ebee100000)]
  0x0000026f9c2d9fb0 JavaThread "Unconstrained build operations Thread 27" [_thread_blocked, id=14156, stack(0x000000ebee100000,0x000000ebee200000)]
  0x0000026f9c2d8150 JavaThread "Unconstrained build operations Thread 28" [_thread_blocked, id=3740, stack(0x000000ebee200000,0x000000ebee300000)]
  0x0000026f9c2daee0 JavaThread "Unconstrained build operations Thread 29" [_thread_blocked, id=8464, stack(0x000000ebee300000,0x000000ebee400000)]
  0x0000026f9c2da9d0 JavaThread "Unconstrained build operations Thread 30" [_thread_blocked, id=4208, stack(0x000000ebee400000,0x000000ebee500000)]
  0x0000026f9c2d4490 JavaThread "Unconstrained build operations Thread 31" [_thread_blocked, id=15016, stack(0x000000ebee500000,0x000000ebee600000)]
  0x0000026f9c2d58d0 JavaThread "Unconstrained build operations Thread 32" [_thread_blocked, id=8240, stack(0x000000ebee600000,0x000000ebee700000)]
  0x0000026f9c2db3f0 JavaThread "Unconstrained build operations Thread 33" [_thread_blocked, id=9024, stack(0x000000ebee700000,0x000000ebee800000)]
  0x0000026f9c2d49a0 JavaThread "Unconstrained build operations Thread 34" [_thread_blocked, id=5444, stack(0x000000ebee800000,0x000000ebee900000)]
  0x0000026f9c2d4eb0 JavaThread "Unconstrained build operations Thread 35" [_thread_blocked, id=4492, stack(0x000000ebee900000,0x000000ebeea00000)]
  0x0000026f9c2d6d10 JavaThread "Unconstrained build operations Thread 36" [_thread_blocked, id=11032, stack(0x000000ebeea00000,0x000000ebeeb00000)]
  0x0000026f9c2d7220 JavaThread "Unconstrained build operations Thread 37" [_thread_blocked, id=11512, stack(0x000000ebeeb00000,0x000000ebeec00000)]
  0x0000026f9c2d7c40 JavaThread "Unconstrained build operations Thread 38" [_thread_blocked, id=2688, stack(0x000000ebeec00000,0x000000ebeed00000)]
  0x0000026f9c2d7730 JavaThread "Unconstrained build operations Thread 39" [_thread_blocked, id=9520, stack(0x000000ebeed00000,0x000000ebeee00000)]
  0x0000026f9c2d8660 JavaThread "Unconstrained build operations Thread 40" [_thread_blocked, id=8888, stack(0x000000ebeee00000,0x000000ebeef00000)]
=>0x0000026fa1b60510 JavaThread "C2 CompilerThread1" daemon [_thread_in_native, id=11140, stack(0x000000ebe8800000,0x000000ebe8900000)]
  0x0000026f9c1ecf60 JavaThread "Cache worker for execution history cache (E:\Frontend\Exhaust\android\.gradle\8.0.1\executionHistory)" [_thread_blocked, id=8048, stack(0x000000ebef100000,0x000000ebef200000)]

Other Threads:
  0x0000026ff721e3e0 VMThread "VM Thread" [stack: 0x000000ebe9100000,0x000000ebe9200000] [id=4712]
  0x0000026ff74c59e0 WatcherThread [stack: 0x000000ebe9d00000,0x000000ebe9e00000] [id=10140]
  0x0000026fd77259f0 GCTaskThread "GC Thread#0" [stack: 0x000000ebe8c00000,0x000000ebe8d00000] [id=14976]
  0x0000026ff785fcb0 GCTaskThread "GC Thread#1" [stack: 0x000000ebe9f00000,0x000000ebea000000] [id=14608]
  0x0000026ff7974260 GCTaskThread "GC Thread#2" [stack: 0x000000ebea000000,0x000000ebea100000] [id=11828]
  0x0000026ff7ab0c90 GCTaskThread "GC Thread#3" [stack: 0x000000ebea100000,0x000000ebea200000] [id=14668]
  0x0000026fd7739010 ConcurrentGCThread "G1 Main Marker" [stack: 0x000000ebe8d00000,0x000000ebe8e00000] [id=10280]
  0x0000026fd7739930 ConcurrentGCThread "G1 Conc#0" [stack: 0x000000ebe8e00000,0x000000ebe8f00000] [id=10100]
  0x0000026fd778ea00 ConcurrentGCThread "G1 Refine#0" [stack: 0x000000ebe8f00000,0x000000ebe9000000] [id=14232]
  0x0000026ffef6ec00 ConcurrentGCThread "G1 Refine#1" [stack: 0x000000ebeb700000,0x000000ebeb800000] [id=12616]
  0x0000026f9bbf1640 ConcurrentGCThread "G1 Refine#2" [stack: 0x000000ebef000000,0x000000ebef100000] [id=7796]
  0x0000026ff70d6570 ConcurrentGCThread "G1 Service" [stack: 0x000000ebe9000000,0x000000ebe9100000] [id=14408]

Threads with active compile tasks:
C2 CompilerThread0    36891 16258   !   4       java.nio.file.FileTreeWalker::next (144 bytes)
C2 CompilerThread1    36891 16240   !   4       org.gradle.cache.internal.DefaultMultiProcessSafePersistentIndexedCache::getIfPresent (25 bytes)

VM state: not at safepoint (normal execution)

VM Mutex/Monitor currently owned by a thread: None

Heap address: 0x0000000080000000, size: 2048 MB, Compressed Oops mode: 32-bit

CDS archive(s) mapped at: [0x0000026f80000000-0x0000026f80bd0000-0x0000026f80bd0000), size 12386304, SharedBaseAddress: 0x0000026f80000000, ArchiveRelocationMode: 1.
Compressed class space mapped at: 0x0000026f81000000-0x0000026f9b000000, reserved size: 436207616
Narrow klass base: 0x0000026f80000000, Narrow klass shift: 0, Narrow klass range: 0x100000000

GC Precious Log:
 CPUs: 4 total, 4 available
 Memory: 16265M
 Large Page Support: Disabled
 NUMA Support: Disabled
 Compressed Oops: Enabled (32-bit)
 Heap Region Size: 1M
 Heap Min Capacity: 8M
 Heap Initial Capacity: 256M
 Heap Max Capacity: 2G
 Pre-touch: Disabled
 Parallel Workers: 4
 Concurrent Workers: 1
 Concurrent Refinement Workers: 4
 Periodic GC: Disabled

Heap:
 garbage-first heap   total 399360K, used 264192K [0x0000000080000000, 0x0000000100000000)
  region size 1024K, 46 young (47104K), 8 survivors (8192K)
 Metaspace       used 109400K, committed 110528K, reserved 557056K
  class space    used 14950K, committed 15488K, reserved 425984K

Heap Regions: E=young(eden), S=young(survivor), O=old, HS=humongous(starts), HC=humongous(continues), CS=collection set, F=free, OA=open archive, CA=closed archive, TAMS=top-at-mark-start (previous, next)
|   0|0x0000000080000000, 0x0000000080100000, 0x0000000080100000|100%| O|  |TAMS 0x0000000080100000, 0x0000000080000000| Untracked 
|   1|0x0000000080100000, 0x0000000080200000, 0x0000000080200000|100%| O|  |TAMS 0x0000000080200000, 0x0000000080100000| Untracked 
|   2|0x0000000080200000, 0x0000000080300000, 0x0000000080300000|100%|HS|  |TAMS 0x0000000080300000, 0x0000000080200000| Complete 
|   3|0x0000000080300000, 0x0000000080400000, 0x0000000080400000|100%|HC|  |TAMS 0x0000000080400000, 0x0000000080300000| Complete 
|   4|0x0000000080400000, 0x0000000080500000, 0x0000000080500000|100%|HC|  |TAMS 0x0000000080500000, 0x0000000080400000| Complete 
|   5|0x0000000080500000, 0x0000000080600000, 0x0000000080600000|100%|HC|  |TAMS 0x0000000080600000, 0x0000000080500000| Complete 
|   6|0x0000000080600000, 0x0000000080700000, 0x0000000080700000|100%| O|  |TAMS 0x0000000080700000, 0x0000000080600000| Untracked 
|   7|0x0000000080700000, 0x0000000080800000, 0x0000000080800000|100%| O|  |TAMS 0x0000000080800000, 0x0000000080700000| Untracked 
|   8|0x0000000080800000, 0x0000000080900000, 0x0000000080900000|100%| O|  |TAMS 0x0000000080900000, 0x0000000080800000| Untracked 
|   9|0x0000000080900000, 0x0000000080a00000, 0x0000000080a00000|100%| O|  |TAMS 0x0000000080a00000, 0x0000000080900000| Untracked 
|  10|0x0000000080a00000, 0x0000000080b00000, 0x0000000080b00000|100%| O|  |TAMS 0x0000000080b00000, 0x0000000080a00000| Untracked 
|  11|0x0000000080b00000, 0x0000000080c00000, 0x0000000080c00000|100%| O|  |TAMS 0x0000000080c00000, 0x0000000080b00000| Untracked 
|  12|0x0000000080c00000, 0x0000000080d00000, 0x0000000080d00000|100%| O|  |TAMS 0x0000000080d00000, 0x0000000080c00000| Untracked 
|  13|0x0000000080d00000, 0x0000000080e00000, 0x0000000080e00000|100%| O|  |TAMS 0x0000000080e00000, 0x0000000080d00000| Untracked 
|  14|0x0000000080e00000, 0x0000000080f00000, 0x0000000080f00000|100%| O|  |TAMS 0x0000000080f00000, 0x0000000080e00000| Untracked 
|  15|0x0000000080f00000, 0x0000000081000000, 0x0000000081000000|100%| O|  |TAMS 0x0000000081000000, 0x0000000080f00000| Untracked 
|  16|0x0000000081000000, 0x0000000081100000, 0x0000000081100000|100%| O|  |TAMS 0x0000000081100000, 0x0000000081000000| Untracked 
|  17|0x0000000081100000, 0x0000000081200000, 0x0000000081200000|100%| O|  |TAMS 0x0000000081200000, 0x0000000081100000| Untracked 
|  18|0x0000000081200000, 0x0000000081300000, 0x0000000081300000|100%| O|  |TAMS 0x0000000081300000, 0x0000000081200000| Untracked 
|  19|0x0000000081300000, 0x0000000081400000, 0x0000000081400000|100%| O|  |TAMS 0x0000000081400000, 0x0000000081300000| Untracked 
|  20|0x0000000081400000, 0x0000000081500000, 0x0000000081500000|100%| O|  |TAMS 0x0000000081500000, 0x0000000081400000| Untracked 
|  21|0x0000000081500000, 0x0000000081600000, 0x0000000081600000|100%| O|  |TAMS 0x0000000081600000, 0x0000000081500000| Untracked 
|  22|0x0000000081600000, 0x0000000081700000, 0x0000000081700000|100%| O|  |TAMS 0x0000000081700000, 0x0000000081600000| Untracked 
|  23|0x0000000081700000, 0x0000000081800000, 0x0000000081800000|100%| O|  |TAMS 0x0000000081800000, 0x0000000081700000| Untracked 
|  24|0x0000000081800000, 0x0000000081900000, 0x0000000081900000|100%| O|  |TAMS 0x0000000081900000, 0x0000000081800000| Untracked 
|  25|0x0000000081900000, 0x0000000081a00000, 0x0000000081a00000|100%| O|  |TAMS 0x0000000081a00000, 0x0000000081900000| Untracked 
|  26|0x0000000081a00000, 0x0000000081b00000, 0x0000000081b00000|100%|HS|  |TAMS 0x0000000081b00000, 0x0000000081a00000| Complete 
|  27|0x0000000081b00000, 0x0000000081c00000, 0x0000000081c00000|100%| O|  |TAMS 0x0000000081c00000, 0x0000000081b00000| Untracked 
|  28|0x0000000081c00000, 0x0000000081d00000, 0x0000000081d00000|100%|HS|  |TAMS 0x0000000081c00000, 0x0000000081c00000| Complete 
|  29|0x0000000081d00000, 0x0000000081e00000, 0x0000000081e00000|100%| O|  |TAMS 0x0000000081e00000, 0x0000000081d00000| Untracked 
|  30|0x0000000081e00000, 0x0000000081f00000, 0x0000000081f00000|100%| O|  |TAMS 0x0000000081f00000, 0x0000000081e00000| Untracked 
|  31|0x0000000081f00000, 0x0000000082000000, 0x0000000082000000|100%| O|  |TAMS 0x0000000082000000, 0x0000000081f00000| Untracked 
|  32|0x0000000082000000, 0x0000000082100000, 0x0000000082100000|100%| O|  |TAMS 0x0000000082100000, 0x0000000082000000| Untracked 
|  33|0x0000000082100000, 0x0000000082200000, 0x0000000082200000|100%|HS|  |TAMS 0x0000000082200000, 0x0000000082100000| Complete 
|  34|0x0000000082200000, 0x0000000082300000, 0x0000000082300000|100%|HC|  |TAMS 0x0000000082300000, 0x0000000082200000| Complete 
|  35|0x0000000082300000, 0x0000000082400000, 0x0000000082400000|100%|HS|  |TAMS 0x0000000082400000, 0x0000000082300000| Complete 
|  36|0x0000000082400000, 0x0000000082500000, 0x0000000082500000|100%|HC|  |TAMS 0x0000000082500000, 0x0000000082400000| Complete 
|  37|0x0000000082500000, 0x0000000082600000, 0x0000000082600000|100%|HC|  |TAMS 0x0000000082600000, 0x0000000082500000| Complete 
|  38|0x0000000082600000, 0x0000000082700000, 0x0000000082700000|100%|HC|  |TAMS 0x0000000082700000, 0x0000000082600000| Complete 
|  39|0x0000000082700000, 0x0000000082800000, 0x0000000082800000|100%| O|  |TAMS 0x0000000082800000, 0x0000000082700000| Untracked 
|  40|0x0000000082800000, 0x0000000082900000, 0x0000000082900000|100%| O|  |TAMS 0x0000000082900000, 0x0000000082800000| Untracked 
|  41|0x0000000082900000, 0x0000000082a00000, 0x0000000082a00000|100%| O|  |TAMS 0x0000000082a00000, 0x0000000082900000| Untracked 
|  42|0x0000000082a00000, 0x0000000082b00000, 0x0000000082b00000|100%| O|  |TAMS 0x0000000082b00000, 0x0000000082a00000| Untracked 
|  43|0x0000000082b00000, 0x0000000082c00000, 0x0000000082c00000|100%| O|  |TAMS 0x0000000082c00000, 0x0000000082b00000| Untracked 
|  44|0x0000000082c00000, 0x0000000082d00000, 0x0000000082d00000|100%| O|  |TAMS 0x0000000082d00000, 0x0000000082c00000| Untracked 
|  45|0x0000000082d00000, 0x0000000082e00000, 0x0000000082e00000|100%| O|  |TAMS 0x0000000082e00000, 0x0000000082d00000| Untracked 
|  46|0x0000000082e00000, 0x0000000082f00000, 0x0000000082f00000|100%| O|  |TAMS 0x0000000082f00000, 0x0000000082e00000| Untracked 
|  47|0x0000000082f00000, 0x0000000083000000, 0x0000000083000000|100%| O|  |TAMS 0x0000000083000000, 0x0000000082f00000| Untracked 
|  48|0x0000000083000000, 0x0000000083100000, 0x0000000083100000|100%| O|  |TAMS 0x0000000083100000, 0x0000000083000000| Untracked 
|  49|0x0000000083100000, 0x0000000083200000, 0x0000000083200000|100%| O|  |TAMS 0x0000000083200000, 0x0000000083100000| Untracked 
|  50|0x0000000083200000, 0x0000000083300000, 0x0000000083300000|100%| O|  |TAMS 0x0000000083300000, 0x0000000083200000| Untracked 
|  51|0x0000000083300000, 0x0000000083400000, 0x0000000083400000|100%|HS|  |TAMS 0x0000000083400000, 0x0000000083300000| Complete 
|  52|0x0000000083400000, 0x0000000083500000, 0x0000000083500000|100%|HS|  |TAMS 0x0000000083500000, 0x0000000083400000| Complete 
|  53|0x0000000083500000, 0x0000000083600000, 0x0000000083600000|100%| O|  |TAMS 0x0000000083600000, 0x0000000083500000| Untracked 
|  54|0x0000000083600000, 0x0000000083700000, 0x0000000083700000|100%| O|  |TAMS 0x0000000083700000, 0x0000000083600000| Untracked 
|  55|0x0000000083700000, 0x0000000083800000, 0x0000000083800000|100%| O|  |TAMS 0x0000000083800000, 0x0000000083700000| Untracked 
|  56|0x0000000083800000, 0x0000000083900000, 0x0000000083900000|100%| O|  |TAMS 0x0000000083900000, 0x0000000083800000| Untracked 
|  57|0x0000000083900000, 0x0000000083a00000, 0x0000000083a00000|100%| O|  |TAMS 0x0000000083a00000, 0x0000000083900000| Untracked 
|  58|0x0000000083a00000, 0x0000000083b00000, 0x0000000083b00000|100%| O|  |TAMS 0x0000000083b00000, 0x0000000083a00000| Untracked 
|  59|0x0000000083b00000, 0x0000000083c00000, 0x0000000083c00000|100%| O|  |TAMS 0x0000000083c00000, 0x0000000083b00000| Untracked 
|  60|0x0000000083c00000, 0x0000000083d00000, 0x0000000083d00000|100%| O|  |TAMS 0x0000000083d00000, 0x0000000083c00000| Untracked 
|  61|0x0000000083d00000, 0x0000000083e00000, 0x0000000083e00000|100%| O|  |TAMS 0x0000000083e00000, 0x0000000083d00000| Untracked 
|  62|0x0000000083e00000, 0x0000000083f00000, 0x0000000083f00000|100%| O|  |TAMS 0x0000000083f00000, 0x0000000083e00000| Untracked 
|  63|0x0000000083f00000, 0x0000000084000000, 0x0000000084000000|100%| O|  |TAMS 0x0000000084000000, 0x0000000083f00000| Untracked 
|  64|0x0000000084000000, 0x0000000084100000, 0x0000000084100000|100%| O|  |TAMS 0x0000000084100000, 0x0000000084000000| Untracked 
|  65|0x0000000084100000, 0x0000000084200000, 0x0000000084200000|100%| O|  |TAMS 0x0000000084200000, 0x0000000084100000| Untracked 
|  66|0x0000000084200000, 0x0000000084300000, 0x0000000084300000|100%|HS|  |TAMS 0x0000000084300000, 0x0000000084200000| Complete 
|  67|0x0000000084300000, 0x0000000084400000, 0x0000000084400000|100%| O|  |TAMS 0x0000000084400000, 0x0000000084300000| Untracked 
|  68|0x0000000084400000, 0x0000000084500000, 0x0000000084500000|100%| O|  |TAMS 0x0000000084500000, 0x0000000084400000| Untracked 
|  69|0x0000000084500000, 0x0000000084600000, 0x0000000084600000|100%| O|  |TAMS 0x0000000084600000, 0x0000000084500000| Untracked 
|  70|0x0000000084600000, 0x0000000084700000, 0x0000000084700000|100%| O|  |TAMS 0x0000000084700000, 0x0000000084600000| Untracked 
|  71|0x0000000084700000, 0x0000000084800000, 0x0000000084800000|100%| O|  |TAMS 0x0000000084800000, 0x0000000084700000| Untracked 
|  72|0x0000000084800000, 0x0000000084900000, 0x0000000084900000|100%| O|  |TAMS 0x0000000084900000, 0x0000000084800000| Untracked 
|  73|0x0000000084900000, 0x0000000084a00000, 0x0000000084a00000|100%| O|  |TAMS 0x0000000084a00000, 0x0000000084900000| Untracked 
|  74|0x0000000084a00000, 0x0000000084b00000, 0x0000000084b00000|100%| O|  |TAMS 0x0000000084b00000, 0x0000000084a00000| Untracked 
|  75|0x0000000084b00000, 0x0000000084c00000, 0x0000000084c00000|100%| O|  |TAMS 0x0000000084c00000, 0x0000000084b00000| Untracked 
|  76|0x0000000084c00000, 0x0000000084d00000, 0x0000000084d00000|100%|HS|  |TAMS 0x0000000084d00000, 0x0000000084c00000| Complete 
|  77|0x0000000084d00000, 0x0000000084e00000, 0x0000000084e00000|100%|HC|  |TAMS 0x0000000084e00000, 0x0000000084d00000| Complete 
|  78|0x0000000084e00000, 0x0000000084f00000, 0x0000000084f00000|100%| O|  |TAMS 0x0000000084f00000, 0x0000000084e00000| Untracked 
|  79|0x0000000084f00000, 0x0000000085000000, 0x0000000085000000|100%| O|  |TAMS 0x0000000085000000, 0x0000000084f00000| Untracked 
|  80|0x0000000085000000, 0x0000000085100000, 0x0000000085100000|100%| O|  |TAMS 0x0000000085100000, 0x0000000085000000| Untracked 
|  81|0x0000000085100000, 0x0000000085200000, 0x0000000085200000|100%| O|  |TAMS 0x0000000085200000, 0x0000000085100000| Untracked 
|  82|0x0000000085200000, 0x0000000085300000, 0x0000000085300000|100%| O|  |TAMS 0x0000000085300000, 0x0000000085200000| Untracked 
|  83|0x0000000085300000, 0x0000000085400000, 0x0000000085400000|100%| O|  |TAMS 0x0000000085400000, 0x0000000085300000| Untracked 
|  84|0x0000000085400000, 0x0000000085500000, 0x0000000085500000|100%|HS|  |TAMS 0x0000000085500000, 0x0000000085400000| Complete 
|  85|0x0000000085500000, 0x0000000085600000, 0x0000000085600000|100%|HC|  |TAMS 0x0000000085600000, 0x0000000085500000| Complete 
|  86|0x0000000085600000, 0x0000000085700000, 0x0000000085700000|100%|HC|  |TAMS 0x0000000085700000, 0x0000000085600000| Complete 
|  87|0x0000000085700000, 0x0000000085800000, 0x0000000085800000|100%|HC|  |TAMS 0x0000000085800000, 0x0000000085700000| Complete 
|  88|0x0000000085800000, 0x0000000085900000, 0x0000000085900000|100%|HS|  |TAMS 0x0000000085900000, 0x0000000085800000| Complete 
|  89|0x0000000085900000, 0x0000000085a00000, 0x0000000085a00000|100%|HC|  |TAMS 0x0000000085a00000, 0x0000000085900000| Complete 
|  90|0x0000000085a00000, 0x0000000085b00000, 0x0000000085b00000|100%|HC|  |TAMS 0x0000000085b00000, 0x0000000085a00000| Complete 
|  91|0x0000000085b00000, 0x0000000085c00000, 0x0000000085c00000|100%|HS|  |TAMS 0x0000000085c00000, 0x0000000085b00000| Complete 
|  92|0x0000000085c00000, 0x0000000085d00000, 0x0000000085d00000|100%|HC|  |TAMS 0x0000000085d00000, 0x0000000085c00000| Complete 
|  93|0x0000000085d00000, 0x0000000085e00000, 0x0000000085e00000|100%| O|  |TAMS 0x0000000085e00000, 0x0000000085d00000| Untracked 
|  94|0x0000000085e00000, 0x0000000085f00000, 0x0000000085f00000|100%| O|  |TAMS 0x0000000085f00000, 0x0000000085e00000| Untracked 
|  95|0x0000000085f00000, 0x0000000086000000, 0x0000000086000000|100%| O|  |TAMS 0x0000000086000000, 0x0000000085f00000| Untracked 
|  96|0x0000000086000000, 0x0000000086100000, 0x0000000086100000|100%| O|  |TAMS 0x0000000086100000, 0x0000000086000000| Untracked 
|  97|0x0000000086100000, 0x0000000086200000, 0x0000000086200000|100%| O|  |TAMS 0x0000000086200000, 0x0000000086100000| Untracked 
|  98|0x0000000086200000, 0x0000000086300000, 0x0000000086300000|100%| O|  |TAMS 0x0000000086300000, 0x0000000086200000| Untracked 
|  99|0x0000000086300000, 0x0000000086400000, 0x0000000086400000|100%| O|  |TAMS 0x0000000086400000, 0x0000000086300000| Untracked 
| 100|0x0000000086400000, 0x0000000086500000, 0x0000000086500000|100%| O|  |TAMS 0x0000000086500000, 0x0000000086400000| Untracked 
| 101|0x0000000086500000, 0x0000000086600000, 0x0000000086600000|100%| O|  |TAMS 0x0000000086600000, 0x0000000086500000| Untracked 
| 102|0x0000000086600000, 0x0000000086700000, 0x0000000086700000|100%| O|  |TAMS 0x0000000086700000, 0x0000000086600000| Untracked 
| 103|0x0000000086700000, 0x0000000086800000, 0x0000000086800000|100%| O|  |TAMS 0x0000000086800000, 0x0000000086700000| Untracked 
| 104|0x0000000086800000, 0x0000000086900000, 0x0000000086900000|100%| O|  |TAMS 0x0000000086900000, 0x0000000086800000| Untracked 
| 105|0x0000000086900000, 0x0000000086a00000, 0x0000000086a00000|100%| O|  |TAMS 0x0000000086a00000, 0x0000000086900000| Untracked 
| 106|0x0000000086a00000, 0x0000000086b00000, 0x0000000086b00000|100%|HS|  |TAMS 0x0000000086a00000, 0x0000000086a00000| Complete 
| 107|0x0000000086b00000, 0x0000000086c00000, 0x0000000086c00000|100%| O|  |TAMS 0x0000000086c00000, 0x0000000086b00000| Untracked 
| 108|0x0000000086c00000, 0x0000000086d00000, 0x0000000086d00000|100%|HS|  |TAMS 0x0000000086d00000, 0x0000000086c00000| Complete 
| 109|0x0000000086d00000, 0x0000000086e00000, 0x0000000086e00000|100%|HS|  |TAMS 0x0000000086e00000, 0x0000000086d00000| Complete 
| 110|0x0000000086e00000, 0x0000000086f00000, 0x0000000086f00000|100%|HS|  |TAMS 0x0000000086f00000, 0x0000000086e00000| Complete 
| 111|0x0000000086f00000, 0x0000000087000000, 0x0000000087000000|100%|HC|  |TAMS 0x0000000087000000, 0x0000000086f00000| Complete 
| 112|0x0000000087000000, 0x0000000087100000, 0x0000000087100000|100%|HC|  |TAMS 0x0000000087100000, 0x0000000087000000| Complete 
| 113|0x0000000087100000, 0x0000000087200000, 0x0000000087200000|100%|HS|  |TAMS 0x0000000087200000, 0x0000000087100000| Complete 
| 114|0x0000000087200000, 0x0000000087300000, 0x0000000087300000|100%|HC|  |TAMS 0x0000000087300000, 0x0000000087200000| Complete 
| 115|0x0000000087300000, 0x0000000087400000, 0x0000000087400000|100%| O|  |TAMS 0x0000000087400000, 0x0000000087300000| Untracked 
| 116|0x0000000087400000, 0x0000000087500000, 0x0000000087500000|100%| O|  |TAMS 0x0000000087500000, 0x0000000087400000| Untracked 
| 117|0x0000000087500000, 0x0000000087600000, 0x0000000087600000|100%| O|  |TAMS 0x0000000087600000, 0x0000000087500000| Untracked 
| 118|0x0000000087600000, 0x0000000087700000, 0x0000000087700000|100%| O|  |TAMS 0x0000000087700000, 0x0000000087600000| Untracked 
| 119|0x0000000087700000, 0x0000000087800000, 0x0000000087800000|100%| O|  |TAMS 0x0000000087800000, 0x0000000087700000| Untracked 
| 120|0x0000000087800000, 0x0000000087900000, 0x0000000087900000|100%| O|  |TAMS 0x0000000087900000, 0x0000000087800000| Untracked 
| 121|0x0000000087900000, 0x0000000087a00000, 0x0000000087a00000|100%| O|  |TAMS 0x0000000087a00000, 0x0000000087900000| Untracked 
| 122|0x0000000087a00000, 0x0000000087b00000, 0x0000000087b00000|100%| O|  |TAMS 0x0000000087b00000, 0x0000000087a00000| Untracked 
| 123|0x0000000087b00000, 0x0000000087c00000, 0x0000000087c00000|100%| O|  |TAMS 0x0000000087c00000, 0x0000000087b00000| Untracked 
| 124|0x0000000087c00000, 0x0000000087d00000, 0x0000000087d00000|100%| O|  |TAMS 0x0000000087d00000, 0x0000000087c00000| Untracked 
| 125|0x0000000087d00000, 0x0000000087e00000, 0x0000000087e00000|100%| O|  |TAMS 0x0000000087e00000, 0x0000000087d00000| Untracked 
| 126|0x0000000087e00000, 0x0000000087f00000, 0x0000000087f00000|100%| O|  |TAMS 0x0000000087e56800, 0x0000000087e00000| Untracked 
| 127|0x0000000087f00000, 0x0000000088000000, 0x0000000088000000|100%|HS|  |TAMS 0x0000000088000000, 0x0000000087f00000| Complete 
| 128|0x0000000088000000, 0x0000000088100000, 0x0000000088100000|100%|HS|  |TAMS 0x0000000088100000, 0x0000000088000000| Complete 
| 129|0x0000000088100000, 0x0000000088200000, 0x0000000088200000|100%|HS|  |TAMS 0x0000000088200000, 0x0000000088100000| Complete 
| 130|0x0000000088200000, 0x0000000088300000, 0x0000000088300000|100%|HC|  |TAMS 0x0000000088300000, 0x0000000088200000| Complete 
| 131|0x0000000088300000, 0x0000000088400000, 0x0000000088400000|100%|HC|  |TAMS 0x0000000088400000, 0x0000000088300000| Complete 
| 132|0x0000000088400000, 0x0000000088500000, 0x0000000088500000|100%|HS|  |TAMS 0x0000000088400000, 0x0000000088400000| Complete 
| 133|0x0000000088500000, 0x0000000088600000, 0x0000000088600000|100%| O|  |TAMS 0x0000000088500000, 0x0000000088500000| Untracked 
| 134|0x0000000088600000, 0x0000000088700000, 0x0000000088700000|100%| O|  |TAMS 0x0000000088600000, 0x0000000088600000| Untracked 
| 135|0x0000000088700000, 0x0000000088800000, 0x0000000088800000|100%| O|  |TAMS 0x0000000088700000, 0x0000000088700000| Untracked 
| 136|0x0000000088800000, 0x0000000088900000, 0x0000000088900000|100%|HS|  |TAMS 0x0000000088800000, 0x0000000088800000| Complete 
| 137|0x0000000088900000, 0x0000000088a00000, 0x0000000088a00000|100%|HC|  |TAMS 0x0000000088900000, 0x0000000088900000| Complete 
| 138|0x0000000088a00000, 0x0000000088b00000, 0x0000000088b00000|100%|HS|  |TAMS 0x0000000088a00000, 0x0000000088a00000| Complete 
| 139|0x0000000088b00000, 0x0000000088c00000, 0x0000000088c00000|100%|HC|  |TAMS 0x0000000088b00000, 0x0000000088b00000| Complete 
| 140|0x0000000088c00000, 0x0000000088d00000, 0x0000000088d00000|100%|HC|  |TAMS 0x0000000088c00000, 0x0000000088c00000| Complete 
| 141|0x0000000088d00000, 0x0000000088e00000, 0x0000000088e00000|100%|HC|  |TAMS 0x0000000088d00000, 0x0000000088d00000| Complete 
| 142|0x0000000088e00000, 0x0000000088f00000, 0x0000000088f00000|100%|HS|  |TAMS 0x0000000088e00000, 0x0000000088e00000| Complete 
| 143|0x0000000088f00000, 0x0000000089000000, 0x0000000089000000|100%|HC|  |TAMS 0x0000000088f00000, 0x0000000088f00000| Complete 
| 144|0x0000000089000000, 0x0000000089100000, 0x0000000089100000|100%|HS|  |TAMS 0x0000000089000000, 0x0000000089000000| Complete 
| 145|0x0000000089100000, 0x0000000089200000, 0x0000000089200000|100%|HC|  |TAMS 0x0000000089100000, 0x0000000089100000| Complete 
| 146|0x0000000089200000, 0x0000000089300000, 0x0000000089300000|100%|HC|  |TAMS 0x0000000089200000, 0x0000000089200000| Complete 
| 147|0x0000000089300000, 0x0000000089400000, 0x0000000089400000|100%|HC|  |TAMS 0x0000000089300000, 0x0000000089300000| Complete 
| 148|0x0000000089400000, 0x0000000089500000, 0x0000000089500000|100%| O|  |TAMS 0x0000000089400000, 0x0000000089400000| Untracked 
| 149|0x0000000089500000, 0x0000000089600000, 0x0000000089600000|100%| O|  |TAMS 0x0000000089500000, 0x0000000089500000| Untracked 
| 150|0x0000000089600000, 0x0000000089700000, 0x0000000089700000|100%| O|  |TAMS 0x0000000089600000, 0x0000000089600000| Untracked 
| 151|0x0000000089700000, 0x0000000089800000, 0x0000000089800000|100%| O|  |TAMS 0x0000000089700000, 0x0000000089700000| Untracked 
| 152|0x0000000089800000, 0x0000000089900000, 0x0000000089900000|100%| O|  |TAMS 0x0000000089800000, 0x0000000089800000| Untracked 
| 153|0x0000000089900000, 0x0000000089a00000, 0x0000000089a00000|100%| O|  |TAMS 0x0000000089900000, 0x0000000089900000| Untracked 
| 154|0x0000000089a00000, 0x0000000089b00000, 0x0000000089b00000|100%| O|  |TAMS 0x0000000089a00000, 0x0000000089a00000| Untracked 
| 155|0x0000000089b00000, 0x0000000089c00000, 0x0000000089c00000|100%| O|  |TAMS 0x0000000089b00000, 0x0000000089b00000| Untracked 
| 156|0x0000000089c00000, 0x0000000089d00000, 0x0000000089d00000|100%| O|  |TAMS 0x0000000089c00000, 0x0000000089c00000| Untracked 
| 157|0x0000000089d00000, 0x0000000089e00000, 0x0000000089e00000|100%| O|  |TAMS 0x0000000089d00000, 0x0000000089d00000| Untracked 
| 158|0x0000000089e00000, 0x0000000089f00000, 0x0000000089f00000|100%| O|  |TAMS 0x0000000089e00000, 0x0000000089e00000| Untracked 
| 159|0x0000000089f00000, 0x000000008a000000, 0x000000008a000000|100%| O|  |TAMS 0x0000000089f00000, 0x0000000089f00000| Untracked 
| 160|0x000000008a000000, 0x000000008a100000, 0x000000008a100000|100%| O|  |TAMS 0x000000008a000000, 0x000000008a000000| Untracked 
| 161|0x000000008a100000, 0x000000008a200000, 0x000000008a200000|100%| O|  |TAMS 0x000000008a100000, 0x000000008a100000| Untracked 
| 162|0x000000008a200000, 0x000000008a300000, 0x000000008a300000|100%| O|  |TAMS 0x000000008a200000, 0x000000008a200000| Untracked 
| 163|0x000000008a300000, 0x000000008a400000, 0x000000008a400000|100%| O|  |TAMS 0x000000008a300000, 0x000000008a300000| Untracked 
| 164|0x000000008a400000, 0x000000008a500000, 0x000000008a500000|100%| O|  |TAMS 0x000000008a400000, 0x000000008a400000| Untracked 
| 165|0x000000008a500000, 0x000000008a600000, 0x000000008a600000|100%| O|  |TAMS 0x000000008a500000, 0x000000008a500000| Untracked 
| 166|0x000000008a600000, 0x000000008a700000, 0x000000008a700000|100%| O|  |TAMS 0x000000008a600000, 0x000000008a600000| Untracked 
| 167|0x000000008a700000, 0x000000008a800000, 0x000000008a800000|100%| O|  |TAMS 0x000000008a700000, 0x000000008a700000| Untracked 
| 168|0x000000008a800000, 0x000000008a900000, 0x000000008a900000|100%| O|  |TAMS 0x000000008a800000, 0x000000008a800000| Untracked 
| 169|0x000000008a900000, 0x000000008aa00000, 0x000000008aa00000|100%| O|  |TAMS 0x000000008a900000, 0x000000008a900000| Untracked 
| 170|0x000000008aa00000, 0x000000008ab00000, 0x000000008ab00000|100%| O|  |TAMS 0x000000008aa00000, 0x000000008aa00000| Untracked 
| 171|0x000000008ab00000, 0x000000008ac00000, 0x000000008ac00000|100%| O|  |TAMS 0x000000008ab00000, 0x000000008ab00000| Untracked 
| 172|0x000000008ac00000, 0x000000008ad00000, 0x000000008ad00000|100%| O|  |TAMS 0x000000008ac00000, 0x000000008ac00000| Untracked 
| 173|0x000000008ad00000, 0x000000008ae00000, 0x000000008ae00000|100%| O|  |TAMS 0x000000008ad00000, 0x000000008ad00000| Untracked 
| 174|0x000000008ae00000, 0x000000008af00000, 0x000000008af00000|100%| O|  |TAMS 0x000000008ae00000, 0x000000008ae00000| Untracked 
| 175|0x000000008af00000, 0x000000008b000000, 0x000000008b000000|100%| O|  |TAMS 0x000000008af00000, 0x000000008af00000| Untracked 
| 176|0x000000008b000000, 0x000000008b100000, 0x000000008b100000|100%| O|  |TAMS 0x000000008b000000, 0x000000008b000000| Untracked 
| 177|0x000000008b100000, 0x000000008b200000, 0x000000008b200000|100%| O|  |TAMS 0x000000008b100000, 0x000000008b100000| Untracked 
| 178|0x000000008b200000, 0x000000008b300000, 0x000000008b300000|100%| O|  |TAMS 0x000000008b200000, 0x000000008b200000| Untracked 
| 179|0x000000008b300000, 0x000000008b400000, 0x000000008b400000|100%| O|  |TAMS 0x000000008b300000, 0x000000008b300000| Untracked 
| 180|0x000000008b400000, 0x000000008b500000, 0x000000008b500000|100%| O|  |TAMS 0x000000008b400000, 0x000000008b400000| Untracked 
| 181|0x000000008b500000, 0x000000008b600000, 0x000000008b600000|100%| O|  |TAMS 0x000000008b500000, 0x000000008b500000| Untracked 
| 182|0x000000008b600000, 0x000000008b700000, 0x000000008b700000|100%| O|  |TAMS 0x000000008b600000, 0x000000008b600000| Untracked 
| 183|0x000000008b700000, 0x000000008b800000, 0x000000008b800000|100%| O|  |TAMS 0x000000008b700000, 0x000000008b700000| Untracked 
| 184|0x000000008b800000, 0x000000008b900000, 0x000000008b900000|100%| O|  |TAMS 0x000000008b800000, 0x000000008b800000| Untracked 
| 185|0x000000008b900000, 0x000000008ba00000, 0x000000008ba00000|100%| O|  |TAMS 0x000000008b900000, 0x000000008b900000| Untracked 
| 186|0x000000008ba00000, 0x000000008bb00000, 0x000000008bb00000|100%| O|  |TAMS 0x000000008ba00000, 0x000000008ba00000| Untracked 
| 187|0x000000008bb00000, 0x000000008bc00000, 0x000000008bc00000|100%| O|  |TAMS 0x000000008bb00000, 0x000000008bb00000| Untracked 
| 188|0x000000008bc00000, 0x000000008bd00000, 0x000000008bd00000|100%| O|  |TAMS 0x000000008bc00000, 0x000000008bc00000| Untracked 
| 189|0x000000008bd00000, 0x000000008be00000, 0x000000008be00000|100%| O|  |TAMS 0x000000008bd00000, 0x000000008bd00000| Untracked 
| 190|0x000000008be00000, 0x000000008bf00000, 0x000000008bf00000|100%| O|  |TAMS 0x000000008be00000, 0x000000008be00000| Untracked 
| 191|0x000000008bf00000, 0x000000008c000000, 0x000000008c000000|100%| O|  |TAMS 0x000000008bf00000, 0x000000008bf00000| Untracked 
| 192|0x000000008c000000, 0x000000008c100000, 0x000000008c100000|100%| O|  |TAMS 0x000000008c000000, 0x000000008c000000| Untracked 
| 193|0x000000008c100000, 0x000000008c200000, 0x000000008c200000|100%| O|  |TAMS 0x000000008c100000, 0x000000008c100000| Untracked 
| 194|0x000000008c200000, 0x000000008c300000, 0x000000008c300000|100%| O|  |TAMS 0x000000008c200000, 0x000000008c200000| Untracked 
| 195|0x000000008c300000, 0x000000008c400000, 0x000000008c400000|100%| O|  |TAMS 0x000000008c300000, 0x000000008c300000| Untracked 
| 196|0x000000008c400000, 0x000000008c500000, 0x000000008c500000|100%| O|  |TAMS 0x000000008c400000, 0x000000008c400000| Untracked 
| 197|0x000000008c500000, 0x000000008c600000, 0x000000008c600000|100%| O|  |TAMS 0x000000008c500000, 0x000000008c500000| Untracked 
| 198|0x000000008c600000, 0x000000008c700000, 0x000000008c700000|100%| O|  |TAMS 0x000000008c600000, 0x000000008c600000| Untracked 
| 199|0x000000008c700000, 0x000000008c800000, 0x000000008c800000|100%| O|  |TAMS 0x000000008c700000, 0x000000008c700000| Untracked 
| 200|0x000000008c800000, 0x000000008c900000, 0x000000008c900000|100%| O|  |TAMS 0x000000008c800000, 0x000000008c800000| Untracked 
| 201|0x000000008c900000, 0x000000008ca00000, 0x000000008ca00000|100%| O|  |TAMS 0x000000008c900000, 0x000000008c900000| Untracked 
| 202|0x000000008ca00000, 0x000000008cb00000, 0x000000008cb00000|100%| O|  |TAMS 0x000000008ca00000, 0x000000008ca00000| Untracked 
| 203|0x000000008cb00000, 0x000000008cc00000, 0x000000008cc00000|100%| O|  |TAMS 0x000000008cb00000, 0x000000008cb00000| Untracked 
| 204|0x000000008cc00000, 0x000000008cd00000, 0x000000008cd00000|100%| O|  |TAMS 0x000000008cc00000, 0x000000008cc00000| Untracked 
| 205|0x000000008cd00000, 0x000000008ce00000, 0x000000008ce00000|100%| O|  |TAMS 0x000000008cd00000, 0x000000008cd00000| Untracked 
| 206|0x000000008ce00000, 0x000000008cf00000, 0x000000008cf00000|100%| O|  |TAMS 0x000000008ce00000, 0x000000008ce00000| Untracked 
| 207|0x000000008cf00000, 0x000000008d000000, 0x000000008d000000|100%| O|  |TAMS 0x000000008cf00000, 0x000000008cf00000| Untracked 
| 208|0x000000008d000000, 0x000000008d100000, 0x000000008d100000|100%| O|  |TAMS 0x000000008d000000, 0x000000008d000000| Untracked 
| 209|0x000000008d100000, 0x000000008d200000, 0x000000008d200000|100%| O|  |TAMS 0x000000008d100000, 0x000000008d100000| Untracked 
| 210|0x000000008d200000, 0x000000008d300000, 0x000000008d300000|100%| O|  |TAMS 0x000000008d200000, 0x000000008d200000| Untracked 
| 211|0x000000008d300000, 0x000000008d400000, 0x000000008d400000|100%| O|  |TAMS 0x000000008d300000, 0x000000008d300000| Untracked 
| 212|0x000000008d400000, 0x000000008d500000, 0x000000008d500000|100%| O|  |TAMS 0x000000008d400000, 0x000000008d400000| Untracked 
| 213|0x000000008d500000, 0x000000008d600000, 0x000000008d600000|100%| O|  |TAMS 0x000000008d500000, 0x000000008d500000| Untracked 
| 214|0x000000008d600000, 0x000000008d680000, 0x000000008d700000| 50%| O|  |TAMS 0x000000008d600000, 0x000000008d600000| Untracked 
| 215|0x000000008d700000, 0x000000008d700000, 0x000000008d800000|  0%| F|  |TAMS 0x000000008d700000, 0x000000008d700000| Untracked 
| 216|0x000000008d800000, 0x000000008d800000, 0x000000008d900000|  0%| F|  |TAMS 0x000000008d800000, 0x000000008d800000| Untracked 
| 217|0x000000008d900000, 0x000000008d900000, 0x000000008da00000|  0%| F|  |TAMS 0x000000008d900000, 0x000000008d900000| Untracked 
| 218|0x000000008da00000, 0x000000008da00000, 0x000000008db00000|  0%| F|  |TAMS 0x000000008da00000, 0x000000008da00000| Untracked 
| 219|0x000000008db00000, 0x000000008db00000, 0x000000008dc00000|  0%| F|  |TAMS 0x000000008db00000, 0x000000008db00000| Untracked 
| 220|0x000000008dc00000, 0x000000008dc00000, 0x000000008dd00000|  0%| F|  |TAMS 0x000000008dc00000, 0x000000008dc00000| Untracked 
| 221|0x000000008dd00000, 0x000000008dd00000, 0x000000008de00000|  0%| F|  |TAMS 0x000000008dd00000, 0x000000008dd00000| Untracked 
| 222|0x000000008de00000, 0x000000008de00000, 0x000000008df00000|  0%| F|  |TAMS 0x000000008de00000, 0x000000008de00000| Untracked 
| 223|0x000000008df00000, 0x000000008df00000, 0x000000008e000000|  0%| F|  |TAMS 0x000000008df00000, 0x000000008df00000| Untracked 
| 224|0x000000008e000000, 0x000000008e000000, 0x000000008e100000|  0%| F|  |TAMS 0x000000008e000000, 0x000000008e000000| Untracked 
| 225|0x000000008e100000, 0x000000008e100000, 0x000000008e200000|  0%| F|  |TAMS 0x000000008e100000, 0x000000008e100000| Untracked 
| 226|0x000000008e200000, 0x000000008e200000, 0x000000008e300000|  0%| F|  |TAMS 0x000000008e200000, 0x000000008e200000| Untracked 
| 227|0x000000008e300000, 0x000000008e300000, 0x000000008e400000|  0%| F|  |TAMS 0x000000008e300000, 0x000000008e300000| Untracked 
| 228|0x000000008e400000, 0x000000008e400000, 0x000000008e500000|  0%| F|  |TAMS 0x000000008e400000, 0x000000008e400000| Untracked 
| 229|0x000000008e500000, 0x000000008e500000, 0x000000008e600000|  0%| F|  |TAMS 0x000000008e500000, 0x000000008e500000| Untracked 
| 230|0x000000008e600000, 0x000000008e600000, 0x000000008e700000|  0%| F|  |TAMS 0x000000008e600000, 0x000000008e600000| Untracked 
| 231|0x000000008e700000, 0x000000008e700000, 0x000000008e800000|  0%| F|  |TAMS 0x000000008e700000, 0x000000008e700000| Untracked 
| 232|0x000000008e800000, 0x000000008e800000, 0x000000008e900000|  0%| F|  |TAMS 0x000000008e800000, 0x000000008e800000| Untracked 
| 233|0x000000008e900000, 0x000000008e900000, 0x000000008ea00000|  0%| F|  |TAMS 0x000000008e900000, 0x000000008e900000| Untracked 
| 234|0x000000008ea00000, 0x000000008ea00000, 0x000000008eb00000|  0%| F|  |TAMS 0x000000008ea00000, 0x000000008ea00000| Untracked 
| 235|0x000000008eb00000, 0x000000008eb00000, 0x000000008ec00000|  0%| F|  |TAMS 0x000000008eb00000, 0x000000008eb00000| Untracked 
| 236|0x000000008ec00000, 0x000000008ec00000, 0x000000008ed00000|  0%| F|  |TAMS 0x000000008ec00000, 0x000000008ec00000| Untracked 
| 237|0x000000008ed00000, 0x000000008ed00000, 0x000000008ee00000|  0%| F|  |TAMS 0x000000008ed00000, 0x000000008ed00000| Untracked 
| 238|0x000000008ee00000, 0x000000008ee00000, 0x000000008ef00000|  0%| F|  |TAMS 0x000000008ee00000, 0x000000008ee00000| Untracked 
| 239|0x000000008ef00000, 0x000000008ef00000, 0x000000008f000000|  0%| F|  |TAMS 0x000000008ef00000, 0x000000008ef00000| Untracked 
| 240|0x000000008f000000, 0x000000008f000000, 0x000000008f100000|  0%| F|  |TAMS 0x000000008f000000, 0x000000008f000000| Untracked 
| 241|0x000000008f100000, 0x000000008f100000, 0x000000008f200000|  0%| F|  |TAMS 0x000000008f100000, 0x000000008f100000| Untracked 
| 242|0x000000008f200000, 0x000000008f200000, 0x000000008f300000|  0%| F|  |TAMS 0x000000008f200000, 0x000000008f200000| Untracked 
| 243|0x000000008f300000, 0x000000008f300000, 0x000000008f400000|  0%| F|  |TAMS 0x000000008f300000, 0x000000008f300000| Untracked 
| 244|0x000000008f400000, 0x000000008f400000, 0x000000008f500000|  0%| F|  |TAMS 0x000000008f400000, 0x000000008f400000| Untracked 
| 245|0x000000008f500000, 0x000000008f500000, 0x000000008f600000|  0%| F|  |TAMS 0x000000008f500000, 0x000000008f500000| Untracked 
| 246|0x000000008f600000, 0x000000008f600000, 0x000000008f700000|  0%| F|  |TAMS 0x000000008f600000, 0x000000008f600000| Untracked 
| 247|0x000000008f700000, 0x000000008f700000, 0x000000008f800000|  0%| F|  |TAMS 0x000000008f700000, 0x000000008f700000| Untracked 
| 248|0x000000008f800000, 0x000000008f800000, 0x000000008f900000|  0%| F|  |TAMS 0x000000008f800000, 0x000000008f800000| Untracked 
| 249|0x000000008f900000, 0x000000008f900000, 0x000000008fa00000|  0%| F|  |TAMS 0x000000008f900000, 0x000000008f900000| Untracked 
| 250|0x000000008fa00000, 0x000000008fa00000, 0x000000008fb00000|  0%| F|  |TAMS 0x000000008fa00000, 0x000000008fa00000| Untracked 
| 251|0x000000008fb00000, 0x000000008fb00000, 0x000000008fc00000|  0%| F|  |TAMS 0x000000008fb00000, 0x000000008fb00000| Untracked 
| 252|0x000000008fc00000, 0x000000008fc00000, 0x000000008fd00000|  0%| F|  |TAMS 0x000000008fc00000, 0x000000008fc00000| Untracked 
| 253|0x000000008fd00000, 0x000000008fd00000, 0x000000008fe00000|  0%| F|  |TAMS 0x000000008fd00000, 0x000000008fd00000| Untracked 
| 254|0x000000008fe00000, 0x000000008fe00000, 0x000000008ff00000|  0%| F|  |TAMS 0x000000008fe00000, 0x000000008fe00000| Untracked 
| 255|0x000000008ff00000, 0x000000008ff00000, 0x0000000090000000|  0%| F|  |TAMS 0x000000008ff00000, 0x000000008ff00000| Untracked 
| 256|0x0000000090000000, 0x0000000090000000, 0x0000000090100000|  0%| F|  |TAMS 0x0000000090000000, 0x0000000090000000| Untracked 
| 257|0x0000000090100000, 0x0000000090100000, 0x0000000090200000|  0%| F|  |TAMS 0x0000000090100000, 0x0000000090100000| Untracked 
| 258|0x0000000090200000, 0x0000000090200000, 0x0000000090300000|  0%| F|  |TAMS 0x0000000090200000, 0x0000000090200000| Untracked 
| 259|0x0000000090300000, 0x0000000090300000, 0x0000000090400000|  0%| F|  |TAMS 0x0000000090300000, 0x0000000090300000| Untracked 
| 260|0x0000000090400000, 0x0000000090400000, 0x0000000090500000|  0%| F|  |TAMS 0x0000000090400000, 0x0000000090400000| Untracked 
| 261|0x0000000090500000, 0x0000000090500000, 0x0000000090600000|  0%| F|  |TAMS 0x0000000090500000, 0x0000000090500000| Untracked 
| 262|0x0000000090600000, 0x0000000090600000, 0x0000000090700000|  0%| F|  |TAMS 0x0000000090600000, 0x0000000090600000| Untracked 
| 263|0x0000000090700000, 0x0000000090700000, 0x0000000090800000|  0%| F|  |TAMS 0x0000000090700000, 0x0000000090700000| Untracked 
| 264|0x0000000090800000, 0x0000000090800000, 0x0000000090900000|  0%| F|  |TAMS 0x0000000090800000, 0x0000000090800000| Untracked 
| 265|0x0000000090900000, 0x0000000090900000, 0x0000000090a00000|  0%| F|  |TAMS 0x0000000090900000, 0x0000000090900000| Untracked 
| 266|0x0000000090a00000, 0x0000000090a00000, 0x0000000090b00000|  0%| F|  |TAMS 0x0000000090a00000, 0x0000000090a00000| Untracked 
| 267|0x0000000090b00000, 0x0000000090b00000, 0x0000000090c00000|  0%| F|  |TAMS 0x0000000090b00000, 0x0000000090b00000| Untracked 
| 268|0x0000000090c00000, 0x0000000090c00000, 0x0000000090d00000|  0%| F|  |TAMS 0x0000000090c00000, 0x0000000090c00000| Untracked 
| 269|0x0000000090d00000, 0x0000000090d00000, 0x0000000090e00000|  0%| F|  |TAMS 0x0000000090d00000, 0x0000000090d00000| Untracked 
| 270|0x0000000090e00000, 0x0000000090e00000, 0x0000000090f00000|  0%| F|  |TAMS 0x0000000090e00000, 0x0000000090e00000| Untracked 
| 271|0x0000000090f00000, 0x0000000090f00000, 0x0000000091000000|  0%| F|  |TAMS 0x0000000090f00000, 0x0000000090f00000| Untracked 
| 272|0x0000000091000000, 0x0000000091000000, 0x0000000091100000|  0%| F|  |TAMS 0x0000000091000000, 0x0000000091000000| Untracked 
| 273|0x0000000091100000, 0x0000000091100000, 0x0000000091200000|  0%| F|  |TAMS 0x0000000091100000, 0x0000000091100000| Untracked 
| 274|0x0000000091200000, 0x0000000091200000, 0x0000000091300000|  0%| F|  |TAMS 0x0000000091200000, 0x0000000091200000| Untracked 
| 275|0x0000000091300000, 0x0000000091300000, 0x0000000091400000|  0%| F|  |TAMS 0x0000000091300000, 0x0000000091300000| Untracked 
| 276|0x0000000091400000, 0x0000000091400000, 0x0000000091500000|  0%| F|  |TAMS 0x0000000091400000, 0x0000000091400000| Untracked 
| 277|0x0000000091500000, 0x0000000091500000, 0x0000000091600000|  0%| F|  |TAMS 0x0000000091500000, 0x0000000091500000| Untracked 
| 278|0x0000000091600000, 0x0000000091600000, 0x0000000091700000|  0%| F|  |TAMS 0x0000000091600000, 0x0000000091600000| Untracked 
| 279|0x0000000091700000, 0x0000000091700000, 0x0000000091800000|  0%| F|  |TAMS 0x0000000091700000, 0x0000000091700000| Untracked 
| 280|0x0000000091800000, 0x0000000091800000, 0x0000000091900000|  0%| F|  |TAMS 0x0000000091800000, 0x0000000091800000| Untracked 
| 281|0x0000000091900000, 0x0000000091900000, 0x0000000091a00000|  0%| F|  |TAMS 0x0000000091900000, 0x0000000091900000| Untracked 
| 282|0x0000000091a00000, 0x0000000091a00000, 0x0000000091b00000|  0%| F|  |TAMS 0x0000000091a00000, 0x0000000091a00000| Untracked 
| 283|0x0000000091b00000, 0x0000000091b00000, 0x0000000091c00000|  0%| F|  |TAMS 0x0000000091b00000, 0x0000000091b00000| Untracked 
| 284|0x0000000091c00000, 0x0000000091c00000, 0x0000000091d00000|  0%| F|  |TAMS 0x0000000091c00000, 0x0000000091c00000| Untracked 
| 285|0x0000000091d00000, 0x0000000091d00000, 0x0000000091e00000|  0%| F|  |TAMS 0x0000000091d00000, 0x0000000091d00000| Untracked 
| 286|0x0000000091e00000, 0x0000000091e00000, 0x0000000091f00000|  0%| F|  |TAMS 0x0000000091e00000, 0x0000000091e00000| Untracked 
| 287|0x0000000091f00000, 0x0000000091f00000, 0x0000000092000000|  0%| F|  |TAMS 0x0000000091f00000, 0x0000000091f00000| Untracked 
| 288|0x0000000092000000, 0x0000000092000000, 0x0000000092100000|  0%| F|  |TAMS 0x0000000092000000, 0x0000000092000000| Untracked 
| 289|0x0000000092100000, 0x0000000092100000, 0x0000000092200000|  0%| F|  |TAMS 0x0000000092100000, 0x0000000092100000| Untracked 
| 290|0x0000000092200000, 0x0000000092200000, 0x0000000092300000|  0%| F|  |TAMS 0x0000000092200000, 0x0000000092200000| Untracked 
| 291|0x0000000092300000, 0x0000000092300000, 0x0000000092400000|  0%| F|  |TAMS 0x0000000092300000, 0x0000000092300000| Untracked 
| 292|0x0000000092400000, 0x0000000092400000, 0x0000000092500000|  0%| F|  |TAMS 0x0000000092400000, 0x0000000092400000| Untracked 
| 293|0x0000000092500000, 0x0000000092580000, 0x0000000092600000| 50%| S|CS|TAMS 0x0000000092500000, 0x0000000092500000| Complete 
| 294|0x0000000092600000, 0x0000000092700000, 0x0000000092700000|100%| S|CS|TAMS 0x0000000092600000, 0x0000000092600000| Complete 
| 295|0x0000000092700000, 0x0000000092800000, 0x0000000092800000|100%| S|CS|TAMS 0x0000000092700000, 0x0000000092700000| Complete 
| 296|0x0000000092800000, 0x0000000092900000, 0x0000000092900000|100%| S|CS|TAMS 0x0000000092800000, 0x0000000092800000| Complete 
| 297|0x0000000092900000, 0x0000000092a00000, 0x0000000092a00000|100%| S|CS|TAMS 0x0000000092900000, 0x0000000092900000| Complete 
| 298|0x0000000092a00000, 0x0000000092a00000, 0x0000000092b00000|  0%| F|  |TAMS 0x0000000092a00000, 0x0000000092a00000| Untracked 
| 299|0x0000000092b00000, 0x0000000092b00000, 0x0000000092c00000|  0%| F|  |TAMS 0x0000000092b00000, 0x0000000092b00000| Untracked 
| 300|0x0000000092c00000, 0x0000000092c00000, 0x0000000092d00000|  0%| F|  |TAMS 0x0000000092c00000, 0x0000000092c00000| Untracked 
| 301|0x0000000092d00000, 0x0000000092d00000, 0x0000000092e00000|  0%| F|  |TAMS 0x0000000092d00000, 0x0000000092d00000| Untracked 
| 302|0x0000000092e00000, 0x0000000092e00000, 0x0000000092f00000|  0%| F|  |TAMS 0x0000000092e00000, 0x0000000092e00000| Untracked 
| 303|0x0000000092f00000, 0x0000000093000000, 0x0000000093000000|100%| S|CS|TAMS 0x0000000092f00000, 0x0000000092f00000| Complete 
| 304|0x0000000093000000, 0x0000000093100000, 0x0000000093100000|100%| S|CS|TAMS 0x0000000093000000, 0x0000000093000000| Complete 
| 305|0x0000000093100000, 0x0000000093200000, 0x0000000093200000|100%| S|CS|TAMS 0x0000000093100000, 0x0000000093100000| Complete 
| 306|0x0000000093200000, 0x0000000093200000, 0x0000000093300000|  0%| F|  |TAMS 0x0000000093200000, 0x0000000093200000| Untracked 
| 307|0x0000000093300000, 0x0000000093300000, 0x0000000093400000|  0%| F|  |TAMS 0x0000000093300000, 0x0000000093300000| Untracked 
| 308|0x0000000093400000, 0x0000000093400000, 0x0000000093500000|  0%| F|  |TAMS 0x0000000093400000, 0x0000000093400000| Untracked 
| 309|0x0000000093500000, 0x0000000093500000, 0x0000000093600000|  0%| F|  |TAMS 0x0000000093500000, 0x0000000093500000| Untracked 
| 310|0x0000000093600000, 0x0000000093600000, 0x0000000093700000|  0%| F|  |TAMS 0x0000000093600000, 0x0000000093600000| Untracked 
| 311|0x0000000093700000, 0x0000000093700000, 0x0000000093800000|  0%| F|  |TAMS 0x0000000093700000, 0x0000000093700000| Untracked 
| 312|0x0000000093800000, 0x0000000093800000, 0x0000000093900000|  0%| F|  |TAMS 0x0000000093800000, 0x0000000093800000| Untracked 
| 313|0x0000000093900000, 0x0000000093900000, 0x0000000093a00000|  0%| F|  |TAMS 0x0000000093900000, 0x0000000093900000| Untracked 
| 314|0x0000000093a00000, 0x0000000093a00000, 0x0000000093b00000|  0%| F|  |TAMS 0x0000000093a00000, 0x0000000093a00000| Untracked 
| 315|0x0000000093b00000, 0x0000000093b00000, 0x0000000093c00000|  0%| F|  |TAMS 0x0000000093b00000, 0x0000000093b00000| Untracked 
| 316|0x0000000093c00000, 0x0000000093c00000, 0x0000000093d00000|  0%| F|  |TAMS 0x0000000093c00000, 0x0000000093c00000| Untracked 
| 317|0x0000000093d00000, 0x0000000093d00000, 0x0000000093e00000|  0%| F|  |TAMS 0x0000000093d00000, 0x0000000093d00000| Untracked 
| 318|0x0000000093e00000, 0x0000000093e00000, 0x0000000093f00000|  0%| F|  |TAMS 0x0000000093e00000, 0x0000000093e00000| Untracked 
| 319|0x0000000093f00000, 0x0000000093f00000, 0x0000000094000000|  0%| F|  |TAMS 0x0000000093f00000, 0x0000000093f00000| Untracked 
| 320|0x0000000094000000, 0x0000000094000000, 0x0000000094100000|  0%| F|  |TAMS 0x0000000094000000, 0x0000000094000000| Untracked 
| 321|0x0000000094100000, 0x0000000094100000, 0x0000000094200000|  0%| F|  |TAMS 0x0000000094100000, 0x0000000094100000| Untracked 
| 322|0x0000000094200000, 0x0000000094200000, 0x0000000094300000|  0%| F|  |TAMS 0x0000000094200000, 0x0000000094200000| Untracked 
| 323|0x0000000094300000, 0x0000000094300000, 0x0000000094400000|  0%| F|  |TAMS 0x0000000094300000, 0x0000000094300000| Untracked 
| 324|0x0000000094400000, 0x0000000094400000, 0x0000000094500000|  0%| F|  |TAMS 0x0000000094400000, 0x0000000094400000| Untracked 
| 325|0x0000000094500000, 0x0000000094500000, 0x0000000094600000|  0%| F|  |TAMS 0x0000000094500000, 0x0000000094500000| Untracked 
| 326|0x0000000094600000, 0x0000000094600000, 0x0000000094700000|  0%| F|  |TAMS 0x0000000094600000, 0x0000000094600000| Untracked 
| 327|0x0000000094700000, 0x0000000094700000, 0x0000000094800000|  0%| F|  |TAMS 0x0000000094700000, 0x0000000094700000| Untracked 
| 328|0x0000000094800000, 0x0000000094800000, 0x0000000094900000|  0%| F|  |TAMS 0x0000000094800000, 0x0000000094800000| Untracked 
| 329|0x0000000094900000, 0x0000000094900000, 0x0000000094a00000|  0%| F|  |TAMS 0x0000000094900000, 0x0000000094900000| Untracked 
| 330|0x0000000094a00000, 0x0000000094a00000, 0x0000000094b00000|  0%| F|  |TAMS 0x0000000094a00000, 0x0000000094a00000| Untracked 
| 331|0x0000000094b00000, 0x0000000094b00000, 0x0000000094c00000|  0%| F|  |TAMS 0x0000000094b00000, 0x0000000094b00000| Untracked 
| 332|0x0000000094c00000, 0x0000000094c00000, 0x0000000094d00000|  0%| F|  |TAMS 0x0000000094c00000, 0x0000000094c00000| Untracked 
| 333|0x0000000094d00000, 0x0000000094d00000, 0x0000000094e00000|  0%| F|  |TAMS 0x0000000094d00000, 0x0000000094d00000| Untracked 
| 334|0x0000000094e00000, 0x0000000094e00000, 0x0000000094f00000|  0%| F|  |TAMS 0x0000000094e00000, 0x0000000094e00000| Untracked 
| 335|0x0000000094f00000, 0x0000000094f00000, 0x0000000095000000|  0%| F|  |TAMS 0x0000000094f00000, 0x0000000094f00000| Untracked 
| 336|0x0000000095000000, 0x0000000095000000, 0x0000000095100000|  0%| F|  |TAMS 0x0000000095000000, 0x0000000095000000| Untracked 
| 337|0x0000000095100000, 0x0000000095100000, 0x0000000095200000|  0%| F|  |TAMS 0x0000000095100000, 0x0000000095100000| Untracked 
| 338|0x0000000095200000, 0x0000000095200000, 0x0000000095300000|  0%| F|  |TAMS 0x0000000095200000, 0x0000000095200000| Untracked 
| 339|0x0000000095300000, 0x0000000095300000, 0x0000000095400000|  0%| F|  |TAMS 0x0000000095300000, 0x0000000095300000| Untracked 
| 340|0x0000000095400000, 0x0000000095400000, 0x0000000095500000|  0%| F|  |TAMS 0x0000000095400000, 0x0000000095400000| Untracked 
| 341|0x0000000095500000, 0x0000000095500000, 0x0000000095600000|  0%| F|  |TAMS 0x0000000095500000, 0x0000000095500000| Untracked 
| 342|0x0000000095600000, 0x0000000095600000, 0x0000000095700000|  0%| F|  |TAMS 0x0000000095600000, 0x0000000095600000| Untracked 
| 343|0x0000000095700000, 0x0000000095700000, 0x0000000095800000|  0%| F|  |TAMS 0x0000000095700000, 0x0000000095700000| Untracked 
| 344|0x0000000095800000, 0x0000000095800000, 0x0000000095900000|  0%| F|  |TAMS 0x0000000095800000, 0x0000000095800000| Untracked 
| 345|0x0000000095900000, 0x0000000095900000, 0x0000000095a00000|  0%| F|  |TAMS 0x0000000095900000, 0x0000000095900000| Untracked 
| 346|0x0000000095a00000, 0x0000000095a00000, 0x0000000095b00000|  0%| F|  |TAMS 0x0000000095a00000, 0x0000000095a00000| Untracked 
| 347|0x0000000095b00000, 0x0000000095b00000, 0x0000000095c00000|  0%| F|  |TAMS 0x0000000095b00000, 0x0000000095b00000| Untracked 
| 348|0x0000000095c00000, 0x0000000095c00000, 0x0000000095d00000|  0%| F|  |TAMS 0x0000000095c00000, 0x0000000095c00000| Untracked 
| 349|0x0000000095d00000, 0x0000000095d00000, 0x0000000095e00000|  0%| F|  |TAMS 0x0000000095d00000, 0x0000000095d00000| Untracked 
| 350|0x0000000095e00000, 0x0000000095e00000, 0x0000000095f00000|  0%| F|  |TAMS 0x0000000095e00000, 0x0000000095e00000| Untracked 
| 351|0x0000000095f00000, 0x0000000095f84b28, 0x0000000096000000| 51%| E|  |TAMS 0x0000000095f00000, 0x0000000095f00000| Complete 
| 352|0x0000000096000000, 0x0000000096100000, 0x0000000096100000|100%| E|CS|TAMS 0x0000000096000000, 0x0000000096000000| Complete 
| 353|0x0000000096100000, 0x0000000096200000, 0x0000000096200000|100%| E|CS|TAMS 0x0000000096100000, 0x0000000096100000| Complete 
| 354|0x0000000096200000, 0x0000000096300000, 0x0000000096300000|100%| E|CS|TAMS 0x0000000096200000, 0x0000000096200000| Complete 
| 355|0x0000000096300000, 0x0000000096400000, 0x0000000096400000|100%| E|CS|TAMS 0x0000000096300000, 0x0000000096300000| Complete 
| 356|0x0000000096400000, 0x0000000096500000, 0x0000000096500000|100%| E|CS|TAMS 0x0000000096400000, 0x0000000096400000| Complete 
| 357|0x0000000096500000, 0x0000000096600000, 0x0000000096600000|100%| E|CS|TAMS 0x0000000096500000, 0x0000000096500000| Complete 
| 358|0x0000000096600000, 0x0000000096700000, 0x0000000096700000|100%| E|CS|TAMS 0x0000000096600000, 0x0000000096600000| Complete 
| 359|0x0000000096700000, 0x0000000096800000, 0x0000000096800000|100%| E|CS|TAMS 0x0000000096700000, 0x0000000096700000| Complete 
| 360|0x0000000096800000, 0x0000000096900000, 0x0000000096900000|100%| E|CS|TAMS 0x0000000096800000, 0x0000000096800000| Complete 
| 361|0x0000000096900000, 0x0000000096a00000, 0x0000000096a00000|100%| E|CS|TAMS 0x0000000096900000, 0x0000000096900000| Complete 
| 362|0x0000000096a00000, 0x0000000096b00000, 0x0000000096b00000|100%| E|CS|TAMS 0x0000000096a00000, 0x0000000096a00000| Complete 
| 363|0x0000000096b00000, 0x0000000096c00000, 0x0000000096c00000|100%| E|CS|TAMS 0x0000000096b00000, 0x0000000096b00000| Complete 
| 364|0x0000000096c00000, 0x0000000096d00000, 0x0000000096d00000|100%| E|CS|TAMS 0x0000000096c00000, 0x0000000096c00000| Complete 
| 365|0x0000000096d00000, 0x0000000096e00000, 0x0000000096e00000|100%| E|CS|TAMS 0x0000000096d00000, 0x0000000096d00000| Complete 
| 366|0x0000000096e00000, 0x0000000096f00000, 0x0000000096f00000|100%| E|CS|TAMS 0x0000000096e00000, 0x0000000096e00000| Complete 
| 367|0x0000000096f00000, 0x0000000097000000, 0x0000000097000000|100%| E|CS|TAMS 0x0000000096f00000, 0x0000000096f00000| Complete 
| 368|0x0000000097000000, 0x0000000097100000, 0x0000000097100000|100%| E|CS|TAMS 0x0000000097000000, 0x0000000097000000| Complete 
| 369|0x0000000097100000, 0x0000000097200000, 0x0000000097200000|100%| E|CS|TAMS 0x0000000097100000, 0x0000000097100000| Complete 
| 370|0x0000000097200000, 0x0000000097300000, 0x0000000097300000|100%| E|CS|TAMS 0x0000000097200000, 0x0000000097200000| Complete 
| 371|0x0000000097300000, 0x0000000097400000, 0x0000000097400000|100%| E|CS|TAMS 0x0000000097300000, 0x0000000097300000| Complete 
| 372|0x0000000097400000, 0x0000000097500000, 0x0000000097500000|100%| E|CS|TAMS 0x0000000097400000, 0x0000000097400000| Complete 
| 373|0x0000000097500000, 0x0000000097600000, 0x0000000097600000|100%| E|CS|TAMS 0x0000000097500000, 0x0000000097500000| Complete 
| 374|0x0000000097600000, 0x0000000097700000, 0x0000000097700000|100%| E|CS|TAMS 0x0000000097600000, 0x0000000097600000| Complete 
| 375|0x0000000097700000, 0x0000000097800000, 0x0000000097800000|100%| E|CS|TAMS 0x0000000097700000, 0x0000000097700000| Complete 
| 376|0x0000000097800000, 0x0000000097900000, 0x0000000097900000|100%| E|CS|TAMS 0x0000000097800000, 0x0000000097800000| Complete 
| 377|0x0000000097900000, 0x0000000097a00000, 0x0000000097a00000|100%| E|CS|TAMS 0x0000000097900000, 0x0000000097900000| Complete 
| 378|0x0000000097a00000, 0x0000000097b00000, 0x0000000097b00000|100%| E|CS|TAMS 0x0000000097a00000, 0x0000000097a00000| Complete 
| 379|0x0000000097b00000, 0x0000000097c00000, 0x0000000097c00000|100%| E|CS|TAMS 0x0000000097b00000, 0x0000000097b00000| Complete 
| 380|0x0000000097c00000, 0x0000000097d00000, 0x0000000097d00000|100%| E|CS|TAMS 0x0000000097c00000, 0x0000000097c00000| Complete 
| 381|0x0000000097d00000, 0x0000000097e00000, 0x0000000097e00000|100%| E|CS|TAMS 0x0000000097d00000, 0x0000000097d00000| Complete 
| 382|0x0000000097e00000, 0x0000000097f00000, 0x0000000097f00000|100%| E|CS|TAMS 0x0000000097e00000, 0x0000000097e00000| Complete 
| 383|0x0000000097f00000, 0x0000000098000000, 0x0000000098000000|100%| E|CS|TAMS 0x0000000097f00000, 0x0000000097f00000| Complete 
| 384|0x0000000098000000, 0x0000000098100000, 0x0000000098100000|100%| E|CS|TAMS 0x0000000098000000, 0x0000000098000000| Complete 
| 385|0x0000000098100000, 0x0000000098200000, 0x0000000098200000|100%| E|CS|TAMS 0x0000000098100000, 0x0000000098100000| Complete 
| 386|0x0000000098200000, 0x0000000098300000, 0x0000000098300000|100%| E|CS|TAMS 0x0000000098200000, 0x0000000098200000| Complete 
| 387|0x0000000098300000, 0x0000000098400000, 0x0000000098400000|100%| E|CS|TAMS 0x0000000098300000, 0x0000000098300000| Complete 
| 388|0x0000000098400000, 0x0000000098500000, 0x0000000098500000|100%| E|CS|TAMS 0x0000000098400000, 0x0000000098400000| Complete 
| 389|0x0000000098500000, 0x00000000985fffb8, 0x0000000098600000| 99%| E|  |TAMS 0x0000000098500000, 0x0000000098500000| Complete 

Card table byte_map: [0x0000026ff03d0000,0x0000026ff07d0000] _byte_map_base: 0x0000026feffd0000

Marking Bits (Prev, Next): (CMBitMap*) 0x0000026fd7726f30, (CMBitMap*) 0x0000026fd7726f70
 Prev Bits: [0x0000026ff0bd0000, 0x0000026ff2bd0000)
 Next Bits: [0x0000026ff2bd0000, 0x0000026ff4bd0000)

Polling page: 0x0000026fd7790000

Metaspace:

Usage:
  Non-class:     92.24 MB used.
      Class:     14.60 MB used.
       Both:    106.84 MB used.

Virtual space:
  Non-class space:      128.00 MB reserved,      92.81 MB ( 73%) committed,  2 nodes.
      Class space:      416.00 MB reserved,      15.12 MB (  4%) committed,  1 nodes.
             Both:      544.00 MB reserved,     107.94 MB ( 20%) committed. 

Chunk freelists:
   Non-Class:  3.05 MB
       Class:  850.00 KB
        Both:  3.88 MB

MaxMetaspaceSize: 512.00 MB
CompressedClassSpaceSize: 416.00 MB
Initial GC threshold: 21.00 MB
Current GC threshold: 149.31 MB
CDS: on
MetaspaceReclaimPolicy: balanced
 - commit_granule_bytes: 65536.
 - commit_granule_words: 8192.
 - virtual_space_node_default_size: 8388608.
 - enlarge_chunks_in_place: 1.
 - new_chunks_are_fully_committed: 0.
 - uncommit_free_chunks: 1.
 - use_allocation_guard: 0.
 - handle_deallocations: 1.


Internal statistics:

num_allocs_failed_limit: 9.
num_arena_births: 1410.
num_arena_deaths: 0.
num_vsnodes_births: 3.
num_vsnodes_deaths: 0.
num_space_committed: 1727.
num_space_uncommitted: 0.
num_chunks_returned_to_freelist: 9.
num_chunks_taken_from_freelist: 6098.
num_chunk_merges: 9.
num_chunk_splits: 3965.
num_chunks_enlarged: 2548.
num_inconsistent_stats: 0.

CodeHeap 'non-profiled nmethods': size=120000Kb used=9040Kb max_used=9040Kb free=110959Kb
 bounds [0x0000026fe8470000, 0x0000026fe8d50000, 0x0000026fef9a0000]
CodeHeap 'profiled nmethods': size=120000Kb used=27133Kb max_used=27133Kb free=92866Kb
 bounds [0x0000026fe09a0000, 0x0000026fe2420000, 0x0000026fe7ed0000]
CodeHeap 'non-nmethods': size=5760Kb used=2445Kb max_used=2539Kb free=3314Kb
 bounds [0x0000026fe7ed0000, 0x0000026fe8180000, 0x0000026fe8470000]
 total_blobs=14985 nmethods=13999 adapters=898
 compilation: enabled
              stopped_count=0, restarted_count=0
 full_count=0

Compilation events (20 events):
Event: 36.698 Thread 0x0000026ff723ecd0 16235       4       sun.nio.fs.WindowsPath::getFileName (87 bytes)
Event: 36.699 Thread 0x0000026fa1b60510 nmethod 16231 0x0000026fe8d31f90 code [0x0000026fe8d32180, 0x0000026fe8d32cf8]
Event: 36.700 Thread 0x0000026fa1b60510 16234       4       java.nio.file.FileTreeWalker$Event::<init> (9 bytes)
Event: 36.702 Thread 0x0000026fa1b60510 nmethod 16234 0x0000026fe8d33410 code [0x0000026fe8d33580, 0x0000026fe8d33918]
Event: 36.702 Thread 0x0000026fa1b60510 16219       4       com.google.common.cache.LocalCache$LocalManualCache$1::load (10 bytes)
Event: 36.703 Thread 0x0000026fa1b60510 nmethod 16219 0x0000026fe8d33990 code [0x0000026fe8d33b20, 0x0000026fe8d33c68]
Event: 36.712 Thread 0x0000026ff723ecd0 nmethod 16235 0x0000026fe8d33e10 code [0x0000026fe8d33fe0, 0x0000026fe8d34c28]
Event: 36.718 Thread 0x0000026fa1b60510 16236   !   4       java.nio.file.FileTreeWalker::getAttributes (94 bytes)
Event: 36.721 Thread 0x0000026fa1b60510 nmethod 16236 0x0000026fe8d35190 code [0x0000026fe8d35340, 0x0000026fe8d356a8]
Event: 36.722 Thread 0x0000026fa1b60510 16237       4       org.gradle.internal.file.impl.DefaultFileMetadata::file (15 bytes)
Event: 36.723 Thread 0x0000026fa1b60510 nmethod 16237 0x0000026fe8d35990 code [0x0000026fe8d35b20, 0x0000026fe8d35bf8]
Event: 36.723 Thread 0x0000026ff723ecd0 16238       4       org.gradle.cache.internal.DefaultFileLockManager$DefaultFileLock::assertOpenAndIntegral (41 bytes)
Event: 36.724 Thread 0x0000026ff723ecd0 nmethod 16238 0x0000026fe8d35c90 code [0x0000026fe8d35e20, 0x0000026fe8d35f58]
Event: 36.725 Thread 0x0000026ff723ecd0 16239       4       org.gradle.internal.snapshot.FileSystemLocationSnapshot$$Lambda$432/0x0000026f8142e680::apply (10 bytes)
Event: 36.725 Thread 0x0000026ff723ecd0 nmethod 16239 0x0000026fe8d36090 code [0x0000026fe8d36220, 0x0000026fe8d36338]
Event: 36.726 Thread 0x0000026fa1b60510 16240   !   4       org.gradle.cache.internal.DefaultMultiProcessSafePersistentIndexedCache::getIfPresent (25 bytes)
Event: 36.731 Thread 0x0000026ff723ecd0 16241       4       org.gradle.api.internal.changedetection.state.CachingFileHasher$FileInfoSerializer::read (6 bytes)
Event: 36.755 Thread 0x0000026ff723ecd0 nmethod 16241 0x0000026fe8d36410 code [0x0000026fe8d366a0, 0x0000026fe8d37fc0]
Event: 36.755 Thread 0x0000026ff723ecd0 16242       4       sun.nio.fs.WindowsFileAttributes::isDirectory (25 bytes)
Event: 36.755 Thread 0x0000026ff723ecd0 nmethod 16242 0x0000026fe8d39190 code [0x0000026fe8d39300, 0x0000026fe8d393b8]

GC Heap History (20 events):
Event: 29.102 GC heap before
{Heap before GC invocations=24 (full 0):
 garbage-first heap   total 176128K, used 127959K [0x0000000080000000, 0x0000000100000000)
  region size 1024K, 20 young (20480K), 1 survivors (1024K)
 Metaspace       used 86474K, committed 87296K, reserved 557056K
  class space    used 12015K, committed 12416K, reserved 425984K
}
Event: 29.106 GC heap after
{Heap after GC invocations=25 (full 0):
 garbage-first heap   total 176128K, used 112085K [0x0000000080000000, 0x0000000100000000)
  region size 1024K, 3 young (3072K), 3 survivors (3072K)
 Metaspace       used 86474K, committed 87296K, reserved 557056K
  class space    used 12015K, committed 12416K, reserved 425984K
}
Event: 29.525 GC heap before
{Heap before GC invocations=26 (full 0):
 garbage-first heap   total 220160K, used 148949K [0x0000000080000000, 0x0000000100000000)
  region size 1024K, 32 young (32768K), 3 survivors (3072K)
 Metaspace       used 88354K, committed 89280K, reserved 557056K
  class space    used 12277K, committed 12736K, reserved 425984K
}
Event: 29.532 GC heap after
{Heap after GC invocations=27 (full 0):
 garbage-first heap   total 220160K, used 128748K [0x0000000080000000, 0x0000000100000000)
  region size 1024K, 4 young (4096K), 4 survivors (4096K)
 Metaspace       used 88354K, committed 89280K, reserved 557056K
  class space    used 12277K, committed 12736K, reserved 425984K
}
Event: 29.617 GC heap before
{Heap before GC invocations=27 (full 0):
 garbage-first heap   total 220160K, used 134892K [0x0000000080000000, 0x0000000100000000)
  region size 1024K, 10 young (10240K), 4 survivors (4096K)
 Metaspace       used 88689K, committed 89600K, reserved 557056K
  class space    used 12316K, committed 12736K, reserved 425984K
}
Event: 29.623 GC heap after
{Heap after GC invocations=28 (full 0):
 garbage-first heap   total 220160K, used 129713K [0x0000000080000000, 0x0000000100000000)
  region size 1024K, 2 young (2048K), 2 survivors (2048K)
 Metaspace       used 88689K, committed 89600K, reserved 557056K
  class space    used 12316K, committed 12736K, reserved 425984K
}
Event: 30.161 GC heap before
{Heap before GC invocations=28 (full 0):
 garbage-first heap   total 220160K, used 173745K [0x0000000080000000, 0x0000000100000000)
  region size 1024K, 38 young (38912K), 2 survivors (2048K)
 Metaspace       used 90144K, committed 91008K, reserved 557056K
  class space    used 12498K, committed 12928K, reserved 425984K
}
Event: 30.168 GC heap after
{Heap after GC invocations=29 (full 0):
 garbage-first heap   total 399360K, used 143291K [0x0000000080000000, 0x0000000100000000)
  region size 1024K, 5 young (5120K), 5 survivors (5120K)
 Metaspace       used 90144K, committed 91008K, reserved 557056K
  class space    used 12498K, committed 12928K, reserved 425984K
}
Event: 31.796 GC heap before
{Heap before GC invocations=30 (full 0):
 garbage-first heap   total 399360K, used 263099K [0x0000000080000000, 0x0000000100000000)
  region size 1024K, 110 young (112640K), 5 survivors (5120K)
 Metaspace       used 96375K, committed 97408K, reserved 557056K
  class space    used 13302K, committed 13824K, reserved 425984K
}
Event: 31.810 GC heap after
{Heap after GC invocations=31 (full 0):
 garbage-first heap   total 399360K, used 173545K [0x0000000080000000, 0x0000000100000000)
  region size 1024K, 14 young (14336K), 14 survivors (14336K)
 Metaspace       used 96375K, committed 97408K, reserved 557056K
  class space    used 13302K, committed 13824K, reserved 425984K
}
Event: 31.879 GC heap before
{Heap before GC invocations=31 (full 0):
 garbage-first heap   total 399360K, used 178665K [0x0000000080000000, 0x0000000100000000)
  region size 1024K, 19 young (19456K), 14 survivors (14336K)
 Metaspace       used 96723K, committed 97728K, reserved 557056K
  class space    used 13351K, committed 13888K, reserved 425984K
}
Event: 31.892 GC heap after
{Heap after GC invocations=32 (full 0):
 garbage-first heap   total 399360K, used 174919K [0x0000000080000000, 0x0000000100000000)
  region size 1024K, 2 young (2048K), 2 survivors (2048K)
 Metaspace       used 96723K, committed 97728K, reserved 557056K
  class space    used 13351K, committed 13888K, reserved 425984K
}
Event: 33.083 GC heap before
{Heap before GC invocations=32 (full 0):
 garbage-first heap   total 399360K, used 275271K [0x0000000080000000, 0x0000000100000000)
  region size 1024K, 98 young (100352K), 2 survivors (2048K)
 Metaspace       used 102563K, committed 103616K, reserved 557056K
  class space    used 14150K, committed 14656K, reserved 425984K
}
Event: 33.100 GC heap after
{Heap after GC invocations=33 (full 0):
 garbage-first heap   total 399360K, used 192412K [0x0000000080000000, 0x0000000100000000)
  region size 1024K, 13 young (13312K), 13 survivors (13312K)
 Metaspace       used 102563K, committed 103616K, reserved 557056K
  class space    used 14150K, committed 14656K, reserved 425984K
}
Event: 34.195 GC heap before
{Heap before GC invocations=33 (full 0):
 garbage-first heap   total 399360K, used 286620K [0x0000000080000000, 0x0000000100000000)
  region size 1024K, 105 young (107520K), 13 survivors (13312K)
 Metaspace       used 104818K, committed 105920K, reserved 557056K
  class space    used 14408K, committed 14976K, reserved 425984K
}
Event: 34.217 GC heap after
{Heap after GC invocations=34 (full 0):
 garbage-first heap   total 399360K, used 208093K [0x0000000080000000, 0x0000000100000000)
  region size 1024K, 14 young (14336K), 14 survivors (14336K)
 Metaspace       used 104818K, committed 105920K, reserved 557056K
  class space    used 14408K, committed 14976K, reserved 425984K
}
Event: 35.169 GC heap before
{Heap before GC invocations=34 (full 0):
 garbage-first heap   total 399360K, used 296157K [0x0000000080000000, 0x0000000100000000)
  region size 1024K, 101 young (103424K), 14 survivors (14336K)
 Metaspace       used 108565K, committed 109696K, reserved 557056K
  class space    used 14876K, committed 15424K, reserved 425984K
}
Event: 35.190 GC heap after
{Heap after GC invocations=35 (full 0):
 garbage-first heap   total 399360K, used 219648K [0x0000000080000000, 0x0000000100000000)
  region size 1024K, 11 young (11264K), 11 survivors (11264K)
 Metaspace       used 108565K, committed 109696K, reserved 557056K
  class space    used 14876K, committed 15424K, reserved 425984K
}
Event: 36.388 GC heap before
{Heap before GC invocations=35 (full 0):
 garbage-first heap   total 399360K, used 304640K [0x0000000080000000, 0x0000000100000000)
  region size 1024K, 95 young (97280K), 11 survivors (11264K)
 Metaspace       used 109398K, committed 110528K, reserved 557056K
  class space    used 14950K, committed 15488K, reserved 425984K
}
Event: 36.406 GC heap after
{Heap after GC invocations=36 (full 0):
 garbage-first heap   total 399360K, used 227328K [0x0000000080000000, 0x0000000100000000)
  region size 1024K, 8 young (8192K), 8 survivors (8192K)
 Metaspace       used 109398K, committed 110528K, reserved 557056K
  class space    used 14950K, committed 15488K, reserved 425984K
}

Dll operation events (12 events):
Event: 0.007 Loaded shared library C:\Program Files\Microsoft\jdk-17.0.8.7-hotspot\bin\java.dll
Event: 0.026 Loaded shared library C:\Program Files\Microsoft\jdk-17.0.8.7-hotspot\bin\jsvml.dll
Event: 0.061 Loaded shared library C:\Program Files\Microsoft\jdk-17.0.8.7-hotspot\bin\net.dll
Event: 0.062 Loaded shared library C:\Program Files\Microsoft\jdk-17.0.8.7-hotspot\bin\nio.dll
Event: 0.066 Loaded shared library C:\Program Files\Microsoft\jdk-17.0.8.7-hotspot\bin\zip.dll
Event: 0.233 Loaded shared library C:\Program Files\Microsoft\jdk-17.0.8.7-hotspot\bin\jimage.dll
Event: 0.297 Loaded shared library C:\Program Files\Microsoft\jdk-17.0.8.7-hotspot\bin\verify.dll
Event: 0.462 Loaded shared library C:\Users\pc\.gradle\native\68d5fa5c4cc2d200863cafc0d521ce42e7d3e7ee720ec0a83991735586a16f82\windows-amd64\native-platform.dll
Event: 0.472 Loaded shared library C:\Users\pc\.gradle\native\e376f236ea51e6404a007f0833ffe2c6e607c4080706a723a18a27aeea778392\windows-amd64\native-platform-file-events.dll
Event: 1.180 Loaded shared library C:\Program Files\Microsoft\jdk-17.0.8.7-hotspot\bin\management.dll
Event: 1.182 Loaded shared library C:\Program Files\Microsoft\jdk-17.0.8.7-hotspot\bin\management_ext.dll
Event: 1.538 Loaded shared library C:\Program Files\Microsoft\jdk-17.0.8.7-hotspot\bin\sunmscapi.dll

Deoptimization events (20 events):
Event: 36.339 Thread 0x0000026ff760d110 Uncommon trap: trap_request=0xffffff45 fr.pc=0x0000026fe88d03ec relative=0x000000000000204c
Event: 36.339 Thread 0x0000026ff760d110 Uncommon trap: reason=unstable_if action=reinterpret pc=0x0000026fe88d03ec method=java.util.concurrent.ConcurrentHashMap.transfer([Ljava/util/concurrent/ConcurrentHashMap$Node;[Ljava/util/concurrent/ConcurrentHashMap$Node;)V @ 34 c2
Event: 36.339 Thread 0x0000026ff760d110 DEOPT PACKING pc=0x0000026fe88d03ec sp=0x000000ebec6fdfb0
Event: 36.339 Thread 0x0000026ff760d110 DEOPT UNPACKING pc=0x0000026fe7f269a3 sp=0x000000ebec6fdf90 mode 2
Event: 36.340 Thread 0x0000026ff760fea0 Uncommon trap: trap_request=0xffffff45 fr.pc=0x0000026fe8cd1100 relative=0x0000000000001740
Event: 36.340 Thread 0x0000026ff760fea0 Uncommon trap: reason=unstable_if action=reinterpret pc=0x0000026fe8cd1100 method=java.util.concurrent.ConcurrentHashMap.addCount(JI)V @ 171 c2
Event: 36.340 Thread 0x0000026ff760fea0 DEOPT PACKING pc=0x0000026fe8cd1100 sp=0x000000ebecafe590
Event: 36.340 Thread 0x0000026ff760fea0 DEOPT UNPACKING pc=0x0000026fe7f269a3 sp=0x000000ebecafe450 mode 2
Event: 36.345 Thread 0x0000026f9c2daee0 Uncommon trap: trap_request=0xffffffde fr.pc=0x0000026fe8cd25b0 relative=0x0000000000000290
Event: 36.345 Thread 0x0000026f9c2daee0 Uncommon trap: reason=class_check action=maybe_recompile pc=0x0000026fe8cd25b0 method=java.util.concurrent.ConcurrentHashMap.get(Ljava/lang/Object;)Ljava/lang/Object; @ 93 c2
Event: 36.345 Thread 0x0000026f9c2daee0 DEOPT PACKING pc=0x0000026fe8cd25b0 sp=0x000000ebee3fe060
Event: 36.345 Thread 0x0000026f9c2daee0 DEOPT UNPACKING pc=0x0000026fe7f269a3 sp=0x000000ebee3fdfb8 mode 2
Event: 36.346 Thread 0x0000026ff7613140 Uncommon trap: trap_request=0xffffff45 fr.pc=0x0000026fe8cd1100 relative=0x0000000000001740
Event: 36.346 Thread 0x0000026ff7613140 Uncommon trap: reason=unstable_if action=reinterpret pc=0x0000026fe8cd1100 method=java.util.concurrent.ConcurrentHashMap.addCount(JI)V @ 171 c2
Event: 36.346 Thread 0x0000026ff7613140 DEOPT PACKING pc=0x0000026fe8cd1100 sp=0x000000ebed7fe6e0
Event: 36.346 Thread 0x0000026ff7613140 DEOPT UNPACKING pc=0x0000026fe7f269a3 sp=0x000000ebed7fe5a0 mode 2
Event: 36.346 Thread 0x0000026ff7613140 Uncommon trap: trap_request=0xffffffde fr.pc=0x0000026fe8cd25b0 relative=0x0000000000000290
Event: 36.346 Thread 0x0000026ff7613140 Uncommon trap: reason=class_check action=maybe_recompile pc=0x0000026fe8cd25b0 method=java.util.concurrent.ConcurrentHashMap.get(Ljava/lang/Object;)Ljava/lang/Object; @ 93 c2
Event: 36.346 Thread 0x0000026ff7613140 DEOPT PACKING pc=0x0000026fe8cd25b0 sp=0x000000ebed7fe1f0
Event: 36.346 Thread 0x0000026ff7613140 DEOPT UNPACKING pc=0x0000026fe7f269a3 sp=0x000000ebed7fe148 mode 2

Classes unloaded (0 events):
No events

Classes redefined (0 events):
No events

Internal exceptions (20 events):
Event: 35.889 Thread 0x0000026f9c2d9aa0 Exception <a 'sun/nio/fs/WindowsException'{0x0000000095b72338}> (0x0000000095b72338) 
thrown [s\src\hotspot\share\prims\jni.cpp, line 516]
Event: 35.890 Thread 0x0000026f9c2d9aa0 Exception <a 'sun/nio/fs/WindowsException'{0x0000000095b817c8}> (0x0000000095b817c8) 
thrown [s\src\hotspot\share\prims\jni.cpp, line 516]
Event: 35.891 Thread 0x0000026f9c2d9aa0 Exception <a 'sun/nio/fs/WindowsException'{0x0000000095b837a8}> (0x0000000095b837a8) 
thrown [s\src\hotspot\share\prims\jni.cpp, line 516]
Event: 35.893 Thread 0x0000026f9c2d9aa0 Exception <a 'sun/nio/fs/WindowsException'{0x0000000095b93740}> (0x0000000095b93740) 
thrown [s\src\hotspot\share\prims\jni.cpp, line 516]
Event: 35.893 Thread 0x0000026f9c2d9aa0 Exception <a 'sun/nio/fs/WindowsException'{0x0000000095b95918}> (0x0000000095b95918) 
thrown [s\src\hotspot\share\prims\jni.cpp, line 516]
Event: 35.894 Thread 0x0000026f9c2d9aa0 Exception <a 'sun/nio/fs/WindowsException'{0x0000000095ba4b48}> (0x0000000095ba4b48) 
thrown [s\src\hotspot\share\prims\jni.cpp, line 516]
Event: 35.895 Thread 0x0000026f9c2d9aa0 Exception <a 'sun/nio/fs/WindowsException'{0x0000000095ba6dc8}> (0x0000000095ba6dc8) 
thrown [s\src\hotspot\share\prims\jni.cpp, line 516]
Event: 35.897 Thread 0x0000026f9c2d9aa0 Exception <a 'sun/nio/fs/WindowsException'{0x0000000095bb61a8}> (0x0000000095bb61a8) 
thrown [s\src\hotspot\share\prims\jni.cpp, line 516]
Event: 35.897 Thread 0x0000026f9c2d9aa0 Exception <a 'sun/nio/fs/WindowsException'{0x0000000095bb80e0}> (0x0000000095bb80e0) 
thrown [s\src\hotspot\share\prims\jni.cpp, line 516]
Event: 35.899 Thread 0x0000026f9c2d9aa0 Exception <a 'sun/nio/fs/WindowsException'{0x0000000095bd4418}> (0x0000000095bd4418) 
thrown [s\src\hotspot\share\prims\jni.cpp, line 516]
Event: 35.899 Thread 0x0000026f9c2d9aa0 Exception <a 'sun/nio/fs/WindowsException'{0x0000000095bd6350}> (0x0000000095bd6350) 
thrown [s\src\hotspot\share\prims\jni.cpp, line 516]
Event: 35.901 Thread 0x0000026f9c2d9aa0 Exception <a 'sun/nio/fs/WindowsException'{0x0000000095be5620}> (0x0000000095be5620) 
thrown [s\src\hotspot\share\prims\jni.cpp, line 516]
Event: 35.901 Thread 0x0000026f9c2d9aa0 Exception <a 'sun/nio/fs/WindowsException'{0x0000000095be7858}> (0x0000000095be7858) 
thrown [s\src\hotspot\share\prims\jni.cpp, line 516]
Event: 35.903 Thread 0x0000026f9c2d9aa0 Exception <a 'sun/nio/fs/WindowsException'{0x0000000095bf69b0}> (0x0000000095bf69b0) 
thrown [s\src\hotspot\share\prims\jni.cpp, line 516]
Event: 35.903 Thread 0x0000026f9c2d9aa0 Exception <a 'sun/nio/fs/WindowsException'{0x0000000095bf8bd8}> (0x0000000095bf8bd8) 
thrown [s\src\hotspot\share\prims\jni.cpp, line 516]
Event: 35.905 Thread 0x0000026f9c2d9aa0 Exception <a 'sun/nio/fs/WindowsException'{0x0000000095a0b810}> (0x0000000095a0b810) 
thrown [s\src\hotspot\share\prims\jni.cpp, line 516]
Event: 35.906 Thread 0x0000026f9c2d9aa0 Exception <a 'sun/nio/fs/WindowsException'{0x0000000095a0d648}> (0x0000000095a0d648) 
thrown [s\src\hotspot\share\prims\jni.cpp, line 516]
Event: 35.906 Thread 0x0000026f9c2d9aa0 Exception <a 'sun/nio/fs/WindowsException'{0x0000000095a0f6f0}> (0x0000000095a0f6f0) 
thrown [s\src\hotspot\share\prims\jni.cpp, line 516]
Event: 35.906 Thread 0x0000026f9c2d9aa0 Exception <a 'sun/nio/fs/WindowsException'{0x0000000095a11630}> (0x0000000095a11630) 
thrown [s\src\hotspot\share\prims\jni.cpp, line 516]
Event: 35.929 Thread 0x0000026f9c2d9aa0 Exception <a 'java/lang/NoSuchMethodError'{0x0000000095a71c98}: static Lcom/android/build/api/variant/BuildConfigField;.<clinit>()V> (0x0000000095a71c98) 
thrown [s\src\hotspot\share\prims\jni.cpp, line 1107]

VM Operations (20 events):
Event: 34.962 Executing VM operation: ICBufferFull
Event: 34.962 Executing VM operation: ICBufferFull done
Event: 34.976 Executing VM operation: HandshakeAllThreads
Event: 34.976 Executing VM operation: HandshakeAllThreads done
Event: 34.978 Executing VM operation: HandshakeAllThreads
Event: 34.978 Executing VM operation: HandshakeAllThreads done
Event: 35.169 Executing VM operation: G1CollectForAllocation
Event: 35.191 Executing VM operation: G1CollectForAllocation done
Event: 35.684 Executing VM operation: ICBufferFull
Event: 35.685 Executing VM operation: ICBufferFull done
Event: 35.843 Executing VM operation: HandshakeAllThreads
Event: 35.843 Executing VM operation: HandshakeAllThreads done
Event: 35.845 Executing VM operation: HandshakeAllThreads
Event: 35.845 Executing VM operation: HandshakeAllThreads done
Event: 35.908 Executing VM operation: ICBufferFull
Event: 35.908 Executing VM operation: ICBufferFull done
Event: 36.151 Executing VM operation: ICBufferFull
Event: 36.152 Executing VM operation: ICBufferFull done
Event: 36.388 Executing VM operation: G1CollectForAllocation
Event: 36.406 Executing VM operation: G1CollectForAllocation done

Events (20 events):
Event: 35.927 loading class java/io/ClassCache$CacheRef
Event: 35.927 loading class java/io/ClassCache$CacheRef done
Event: 35.927 loading class java/io/ObjectStreamClass$FieldReflectorKey
Event: 35.928 loading class java/io/ObjectStreamClass$FieldReflectorKey done
Event: 35.928 loading class java/io/ObjectStreamClass$FieldReflector
Event: 35.928 loading class java/io/ObjectStreamClass$FieldReflector done
Event: 35.928 loading class java/io/ObjectStreamClass$1
Event: 35.928 loading class java/io/ObjectStreamClass$1 done
Event: 35.928 loading class java/io/ObjectStreamClass$MemberSignature
Event: 35.928 loading class java/io/ObjectStreamClass$MemberSignature done
Event: 35.929 loading class java/io/ObjectStreamClass$3
Event: 35.929 loading class java/io/ObjectStreamClass$3 done
Event: 35.929 loading class java/io/ObjectStreamClass$4
Event: 35.929 loading class java/io/ObjectStreamClass$4 done
Event: 35.929 loading class java/io/ObjectStreamClass$5
Event: 35.929 loading class java/io/ObjectStreamClass$5 done
Event: 35.929 loading class java/io/ObjectStreamClass$ClassDataSlot
Event: 35.929 loading class java/io/ObjectStreamClass$ClassDataSlot done
Event: 35.929 loading class jdk/internal/reflect/UnsafeQualifiedStaticLongFieldAccessorImpl
Event: 35.930 loading class jdk/internal/reflect/UnsafeQualifiedStaticLongFieldAccessorImpl done


Dynamic libraries:
0x00007ff6f5cc0000 - 0x00007ff6f5cce000 	C:\Program Files\Microsoft\jdk-17.0.8.7-hotspot\bin\java.exe
0x00007ffdcaed0000 - 0x00007ffdcb0c8000 	C:\Windows\SYSTEM32\ntdll.dll
0x00007ffdca080000 - 0x00007ffdca13d000 	C:\Windows\System32\KERNEL32.DLL
0x00007ffdc8830000 - 0x00007ffdc8b26000 	C:\Windows\System32\KERNELBASE.dll
0x00007ffdc86e0000 - 0x00007ffdc87e0000 	C:\Windows\System32\ucrtbase.dll
0x00007ffda9e10000 - 0x00007ffda9e2b000 	C:\Program Files\Microsoft\jdk-17.0.8.7-hotspot\bin\VCRUNTIME140.dll
0x00007ffdaa080000 - 0x00007ffdaa097000 	C:\Program Files\Microsoft\jdk-17.0.8.7-hotspot\bin\jli.dll
0x00007ffdcabc0000 - 0x00007ffdcad5e000 	C:\Windows\System32\USER32.dll
0x00007ffdc85b0000 - 0x00007ffdc85d2000 	C:\Windows\System32\win32u.dll
0x00007ffdbf2d0000 - 0x00007ffdbf56a000 	C:\Windows\WinSxS\amd64_microsoft.windows.common-controls_6595b64144ccf1df_6.0.19041.3636_none_60b6a03d71f818d5\COMCTL32.dll
0x00007ffdc9e40000 - 0x00007ffdc9e6c000 	C:\Windows\System32\GDI32.dll
0x00007ffdca3d0000 - 0x00007ffdca46e000 	C:\Windows\System32\msvcrt.dll
0x00007ffdc8c80000 - 0x00007ffdc8d9a000 	C:\Windows\System32\gdi32full.dll
0x00007ffdc8be0000 - 0x00007ffdc8c7d000 	C:\Windows\System32\msvcp_win.dll
0x00007ffdca320000 - 0x00007ffdca350000 	C:\Windows\System32\IMM32.DLL
0x00007ffdacdb0000 - 0x00007ffdacdbc000 	C:\Program Files\Microsoft\jdk-17.0.8.7-hotspot\bin\vcruntime140_1.dll
0x00007ffda21b0000 - 0x00007ffda223d000 	C:\Program Files\Microsoft\jdk-17.0.8.7-hotspot\bin\msvcp140.dll
0x00007ffd4ce80000 - 0x00007ffd4dae5000 	C:\Program Files\Microsoft\jdk-17.0.8.7-hotspot\bin\server\jvm.dll
0x00007ffdc9670000 - 0x00007ffdc971f000 	C:\Windows\System32\ADVAPI32.dll
0x00007ffdca140000 - 0x00007ffdca1dc000 	C:\Windows\System32\sechost.dll
0x00007ffdc8f30000 - 0x00007ffdc9056000 	C:\Windows\System32\RPCRT4.dll
0x00007ffdc8360000 - 0x00007ffdc83ab000 	C:\Windows\SYSTEM32\POWRPROF.dll
0x00007ffdb7370000 - 0x00007ffdb7379000 	C:\Windows\SYSTEM32\WSOCK32.dll
0x00007ffdc9c90000 - 0x00007ffdc9cfb000 	C:\Windows\System32\WS2_32.dll
0x00007ffdc0b30000 - 0x00007ffdc0b57000 	C:\Windows\SYSTEM32\WINMM.dll
0x00007ffdc3e20000 - 0x00007ffdc3e2a000 	C:\Windows\SYSTEM32\VERSION.dll
0x00007ffdc8210000 - 0x00007ffdc8222000 	C:\Windows\SYSTEM32\UMPDC.dll
0x00007ffdc6370000 - 0x00007ffdc6382000 	C:\Windows\SYSTEM32\kernel.appcore.dll
0x00007ffdab990000 - 0x00007ffdab99a000 	C:\Program Files\Microsoft\jdk-17.0.8.7-hotspot\bin\jimage.dll
0x00007ffdc1f60000 - 0x00007ffdc2144000 	C:\Windows\SYSTEM32\DBGHELP.DLL
0x00007ffdc1930000 - 0x00007ffdc1964000 	C:\Windows\SYSTEM32\dbgcore.DLL
0x00007ffdc8650000 - 0x00007ffdc86d2000 	C:\Windows\System32\bcryptPrimitives.dll
0x00007ffda7170000 - 0x00007ffda7195000 	C:\Program Files\Microsoft\jdk-17.0.8.7-hotspot\bin\java.dll
0x00007ffd8a710000 - 0x00007ffd8a7e7000 	C:\Program Files\Microsoft\jdk-17.0.8.7-hotspot\bin\jsvml.dll
0x00007ffdca470000 - 0x00007ffdcabb5000 	C:\Windows\System32\SHELL32.dll
0x00007ffdc6650000 - 0x00007ffdc6deb000 	C:\Windows\SYSTEM32\windows.storage.dll
0x00007ffdc9780000 - 0x00007ffdc9ad4000 	C:\Windows\System32\combase.dll
0x00007ffdc7e40000 - 0x00007ffdc7e6d000 	C:\Windows\SYSTEM32\Wldp.dll
0x00007ffdc9f70000 - 0x00007ffdca01d000 	C:\Windows\System32\SHCORE.dll
0x00007ffdca2c0000 - 0x00007ffdca315000 	C:\Windows\System32\shlwapi.dll
0x00007ffdc84e0000 - 0x00007ffdc8505000 	C:\Windows\SYSTEM32\profapi.dll
0x00007ffda9df0000 - 0x00007ffda9e09000 	C:\Program Files\Microsoft\jdk-17.0.8.7-hotspot\bin\net.dll
0x00007ffdc3330000 - 0x00007ffdc343a000 	C:\Windows\SYSTEM32\WINHTTP.dll
0x00007ffdc7c20000 - 0x00007ffdc7c8a000 	C:\Windows\system32\mswsock.dll
0x00007ffda94f0000 - 0x00007ffda9506000 	C:\Program Files\Microsoft\jdk-17.0.8.7-hotspot\bin\nio.dll
0x00007ffda6700000 - 0x00007ffda6718000 	C:\Program Files\Microsoft\jdk-17.0.8.7-hotspot\bin\zip.dll
0x00007ffdab530000 - 0x00007ffdab540000 	C:\Program Files\Microsoft\jdk-17.0.8.7-hotspot\bin\verify.dll
0x00007ffda4850000 - 0x00007ffda4877000 	C:\Users\pc\.gradle\native\68d5fa5c4cc2d200863cafc0d521ce42e7d3e7ee720ec0a83991735586a16f82\windows-amd64\native-platform.dll
0x00007ffd899f0000 - 0x00007ffd89b34000 	C:\Users\pc\.gradle\native\e376f236ea51e6404a007f0833ffe2c6e607c4080706a723a18a27aeea778392\windows-amd64\native-platform-file-events.dll
0x00007ffdaac50000 - 0x00007ffdaac59000 	C:\Program Files\Microsoft\jdk-17.0.8.7-hotspot\bin\management.dll
0x00007ffdaa570000 - 0x00007ffdaa57b000 	C:\Program Files\Microsoft\jdk-17.0.8.7-hotspot\bin\management_ext.dll
0x00007ffdc9d00000 - 0x00007ffdc9d08000 	C:\Windows\System32\PSAPI.DLL
0x00007ffdc8230000 - 0x00007ffdc8248000 	C:\Windows\SYSTEM32\CRYPTSP.dll
0x00007ffdc7570000 - 0x00007ffdc75a4000 	C:\Windows\system32\rsaenh.dll
0x00007ffdc8f00000 - 0x00007ffdc8f27000 	C:\Windows\System32\bcrypt.dll
0x00007ffdc84a0000 - 0x00007ffdc84ce000 	C:\Windows\SYSTEM32\USERENV.dll
0x00007ffdc7db0000 - 0x00007ffdc7dbc000 	C:\Windows\SYSTEM32\CRYPTBASE.dll
0x00007ffdc7930000 - 0x00007ffdc796b000 	C:\Windows\SYSTEM32\IPHLPAPI.DLL
0x00007ffdc9f00000 - 0x00007ffdc9f08000 	C:\Windows\System32\NSI.dll
0x00007ffdc2a30000 - 0x00007ffdc2a47000 	C:\Windows\SYSTEM32\dhcpcsvc6.DLL
0x00007ffdc2dc0000 - 0x00007ffdc2ddd000 	C:\Windows\SYSTEM32\dhcpcsvc.DLL
0x00007ffdc7970000 - 0x00007ffdc7a3a000 	C:\Windows\SYSTEM32\DNSAPI.dll
0x00007ffdaa450000 - 0x00007ffdaa45e000 	C:\Program Files\Microsoft\jdk-17.0.8.7-hotspot\bin\sunmscapi.dll
0x00007ffdc8da0000 - 0x00007ffdc8efd000 	C:\Windows\System32\CRYPT32.dll
0x00007ffdc7f10000 - 0x00007ffdc7f37000 	C:\Windows\SYSTEM32\ncrypt.dll
0x00007ffdc7ed0000 - 0x00007ffdc7f0b000 	C:\Windows\SYSTEM32\NTASN1.dll
0x00007ffdb0fd0000 - 0x00007ffdb0fd7000 	C:\Windows\system32\wshunix.dll
0x00007ffdbf9f0000 - 0x00007ffdbf9fa000 	C:\Windows\System32\rasadhlp.dll
0x00007ffdc2fc0000 - 0x00007ffdc3040000 	C:\Windows\System32\fwpuclnt.dll
0x00007ffd869f0000 - 0x00007ffd86a07000 	C:\Windows\system32\napinsp.dll
0x00007ffd86a10000 - 0x00007ffd86a2b000 	C:\Windows\system32\pnrpnsp.dll
0x00007ffdc2cd0000 - 0x00007ffdc2ce5000 	C:\Windows\system32\wshbth.dll
0x00007ffdc38b0000 - 0x00007ffdc38cd000 	C:\Windows\system32\NLAapi.dll
0x00007ffd89b40000 - 0x00007ffd89b52000 	C:\Windows\System32\winrnr.dll

dbghelp: loaded successfully - version: 4.0.5 - missing functions: none
symbol engine: initialized successfully - sym options: 0x614 - pdb path: .;C:\Program Files\Microsoft\jdk-17.0.8.7-hotspot\bin;C:\Windows\SYSTEM32;C:\Windows\WinSxS\amd64_microsoft.windows.common-controls_6595b64144ccf1df_6.0.19041.3636_none_60b6a03d71f818d5;C:\Program Files\Microsoft\jdk-17.0.8.7-hotspot\bin\server;C:\Users\pc\.gradle\native\68d5fa5c4cc2d200863cafc0d521ce42e7d3e7ee720ec0a83991735586a16f82\windows-amd64;C:\Users\pc\.gradle\native\e376f236ea51e6404a007f0833ffe2c6e607c4080706a723a18a27aeea778392\windows-amd64

VM Arguments:
jvm_args: -XX:MaxMetaspaceSize=512m --add-opens=java.base/java.util=ALL-UNNAMED --add-opens=java.base/java.lang=ALL-UNNAMED --add-opens=java.base/java.lang.invoke=ALL-UNNAMED --add-opens=java.prefs/java.util.prefs=ALL-UNNAMED --add-opens=java.base/java.nio.charset=ALL-UNNAMED --add-opens=java.base/java.net=ALL-UNNAMED --add-opens=java.base/java.util.concurrent.atomic=ALL-UNNAMED -Xmx2048m -Dfile.encoding=windows-1252 -Duser.country=US -Duser.language=en -Duser.variant 
java_command: org.gradle.launcher.daemon.bootstrap.GradleDaemon 8.0.1
java_class_path (initial): C:\Users\pc\.gradle\wrapper\dists\gradle-8.0.1-all\aro4hu1c3oeioove7l0i4i14o\gradle-8.0.1\lib\gradle-launcher-8.0.1.jar
Launcher Type: SUN_STANDARD

[Global flags]
     intx CICompilerCount                          = 3                                         {product} {ergonomic}
   size_t CompressedClassSpaceSize                 = 436207616                                 {product} {ergonomic}
     uint ConcGCThreads                            = 1                                         {product} {ergonomic}
     uint G1ConcRefinementThreads                  = 4                                         {product} {ergonomic}
   size_t G1HeapRegionSize                         = 1048576                                   {product} {ergonomic}
    uintx GCDrainStackTargetSize                   = 64                                        {product} {ergonomic}
   size_t InitialHeapSize                          = 268435456                                 {product} {ergonomic}
   size_t MarkStackSize                            = 4194304                                   {product} {ergonomic}
   size_t MaxHeapSize                              = 2147483648                                {product} {command line}
   size_t MaxMetaspaceSize                         = 536870912                                 {product} {command line}
   size_t MaxNewSize                               = 1287651328                                {product} {ergonomic}
   size_t MinHeapDeltaBytes                        = 1048576                                   {product} {ergonomic}
   size_t MinHeapSize                              = 8388608                                   {product} {ergonomic}
    uintx NonNMethodCodeHeapSize                   = 5832780                                {pd product} {ergonomic}
    uintx NonProfiledCodeHeapSize                  = 122912730                              {pd product} {ergonomic}
    uintx ProfiledCodeHeapSize                     = 122912730                              {pd product} {ergonomic}
    uintx ReservedCodeCacheSize                    = 251658240                              {pd product} {ergonomic}
     bool SegmentedCodeCache                       = true                                      {product} {ergonomic}
   size_t SoftMaxHeapSize                          = 2147483648                             {manageable} {ergonomic}
     bool UseCompressedClassPointers               = true                           {product lp64_product} {ergonomic}
     bool UseCompressedOops                        = true                           {product lp64_product} {ergonomic}
     bool UseG1GC                                  = true                                      {product} {ergonomic}
     bool UseLargePagesIndividualAllocation        = false                                  {pd product} {ergonomic}

Logging:
Log output configuration:
 #0: stdout all=warning uptime,level,tags
 #1: stderr all=off uptime,level,tags

Environment Variables:
JAVA_HOME=C:\Program Files\Microsoft\jdk-17.0.8.7-hotspot\
CLASSPATH=E:\Frontend\Exhaust\android\\gradle\wrapper\gradle-wrapper.jar
PATH=E:\Frontend\Exhaust\node_modules\.bin;E:\Frontend\Exhaust\node_modules\.bin;E:\Frontend\node_modules\.bin;E:\node_modules\.bin;C:\Program Files\nodejs\node_modules\npm\node_modules\@npmcli\run-script\lib\node-gyp-bin;C:\Program Files\Microsoft\jdk-17.0.8.7-hotspot\bin;C:\Windows\system32;C:\Windows;C:\Windows\System32\Wbem;C:\Windows\System32\WindowsPowerShell\v1.0\;C:\Windows\System32\OpenSSH\;C:\Program Files\Git\cmd;C:\ProgramData\chocolatey\bin;C:\Program Files\nodejs\;C:\Users\pc\AppData\Local\Android\Sdk\platform-tools;C:\Users\pc\AppData\Local\Microsoft\WindowsApps;;C:\Users\pc\AppData\Local\Programs\Microsoft VS Code\bin;C:\Users\pc\AppData\Roaming\npm
USERNAME=pc
LANG=en_US.UTF-8
OS=Windows_NT
PROCESSOR_IDENTIFIER=Intel64 Family 6 Model 94 Stepping 3, GenuineIntel
TMP=C:\Users\pc\AppData\Local\Temp
TEMP=C:\Users\pc\AppData\Local\Temp



---------------  S Y S T E M  ---------------

OS:
 Windows 10 , 64 bit Build 19041 (10.0.19041.3636)
OS uptime: 14 days 23:25 hours
Hyper-V role detected

CPU: total 4 (initial active 4) (4 cores per cpu, 1 threads per core) family 6 model 94 stepping 3 microcode 0xcc, cx8, cmov, fxsr, mmx, 3dnowpref, sse, sse2, sse3, ssse3, sse4.1, sse4.2, popcnt, lzcnt, tsc, tscinvbit, avx, avx2, aes, erms, clmul, bmi1, bmi2, rtm, adx, fma, vzeroupper, clflush, clflushopt, hv
Processor Information for all 4 processors :
  Max Mhz: 3192, Current Mhz: 3192, Mhz Limit: 3192

Memory: 4k page, system-wide physical 16265M (3734M free)
TotalPageFile size 19571M (AvailPageFile size 4896M)
current process WorkingSet (physical memory assigned to process): 668M, peak: 670M
current process commit charge ("private bytes"): 763M, peak: 767M

vm_info: OpenJDK 64-Bit Server VM (17.0.8+7-LTS) for windows-amd64 JRE (17.0.8+7-LTS), built on Jul  7 2023 17:21:55 by "MicrosoftCorporation" with MS VC++ 16.10 / 16.11 (VS2019)

END.
