#
# A fatal error has been detected by the Java Runtime Environment:
#
#  EXCEPTION_ACCESS_VIOLATION (0xc0000005) at pc=0x00007ffab834e0a9, pid=9012, tid=1884
#
# JRE version: OpenJDK Runtime Environment Microsoft-8035246 (17.0.8+7) (build 17.0.8+7-LTS)
# Java VM: OpenJDK 64-Bit Server VM Microsoft-8035246 (17.0.8+7-LTS, mixed mode, sharing, tiered, compressed oops, compressed class ptrs, g1 gc, windows-amd64)
# Problematic frame:
# V  [jvm.dll+0x2be0a9]
#
# No core dump will be written. Minidumps are not enabled by default on client versions of Windows
#
# If you would like to submit a bug report, please visit:
#   https://github.com/microsoft/openjdk/issues
#

---------------  S U M M A R Y ------------

Command Line: -XX:MaxMetaspaceSize=512m --add-opens=java.base/java.util=ALL-UNNAMED --add-opens=java.base/java.lang=ALL-UNNAMED --add-opens=java.base/java.lang.invoke=ALL-UNNAMED --add-opens=java.prefs/java.util.prefs=ALL-UNNAMED --add-opens=java.base/java.nio.charset=ALL-UNNAMED --add-opens=java.base/java.net=ALL-UNNAMED --add-opens=java.base/java.util.concurrent.atomic=ALL-UNNAMED -Xmx2048m -Dfile.encoding=windows-1252 -Duser.country=US -Duser.language=en -Duser.variant org.gradle.launcher.daemon.bootstrap.GradleDaemon 8.0.1

Host: Intel(R) Core(TM) i5-6500 CPU @ 3.20GHz, 4 cores, 15G,  Windows 10 , 64 bit Build 19041 (10.0.19041.3636)
Time: Fri Feb  9 13:51:29 2024 Pakistan Standard Time elapsed time: 56.253898 seconds (0d 0h 0m 56s)

---------------  T H R E A D  ---------------

Current thread (0x0000018bd1ba8b40):  JavaThread "C2 CompilerThread0" daemon [_thread_in_native, id=1884, stack(0x0000003c62600000,0x0000003c62700000)]


Current CompileTask:
C2:  56253 16607       4       org.gradle.cache.internal.CacheAccessWorker$1::call (10 bytes)

Stack: [0x0000003c62600000,0x0000003c62700000],  sp=0x0000003c626fb9f0,  free space=1006k
Native frames: (J=compiled Java code, j=interpreted, Vv=VM code, C=native code)
V  [jvm.dll+0x2be0a9]
V  [jvm.dll+0x21ba8b]
V  [jvm.dll+0x21944b]
V  [jvm.dll+0x1a56b6]
V  [jvm.dll+0x2291ea]
V  [jvm.dll+0x22724c]
V  [jvm.dll+0x7efd0c]
V  [jvm.dll+0x7ea13a]
V  [jvm.dll+0x67ad85]
C  [ucrtbase.dll+0x21bb2]
C  [KERNEL32.DLL+0x17344]
C  [ntdll.dll+0x526b1]


siginfo: EXCEPTION_ACCESS_VIOLATION (0xc0000005), reading address 0x0000000000000028


Register to memory mapping:

RIP=0x00007ffab834e0a9 jvm.dll
RAX=0x0000018bf80bb6a0 points into unknown readable memory: 0x0000000000000000 | 00 00 00 00 00 00 00 00
RBX=0x00000000000017dc is an unknown value
RCX=0x0 is NULL
RDX=0x0 is NULL
RSP=0x0000003c626fb9f0 is pointing into the stack for thread: 0x0000018bd1ba8b40
RBP=0x0000003c626fba60 is pointing into the stack for thread: 0x0000018bd1ba8b40
RSI=0x0 is NULL
RDI=0x0000000000000048 is an unknown value
R8 =0x000000000000ffe0 is an unknown value
R9 =0x0 is NULL
R10=0x00007ffb076d0000 VCRUNTIME140.dll
R11=0x0000018bf80bb6c0 points into unknown readable memory: 0x0000000000000000 | 00 00 00 00 00 00 00 00
R12=0x0000000000000050 is an unknown value
R13=0x0 is NULL
R14=0x0 is NULL
R15=0x0000003c626fec10 is pointing into the stack for thread: 0x0000018bd1ba8b40


Registers:
RAX=0x0000018bf80bb6a0, RBX=0x00000000000017dc, RCX=0x0000000000000000, RDX=0x0000000000000000
RSP=0x0000003c626fb9f0, RBP=0x0000003c626fba60, RSI=0x0000000000000000, RDI=0x0000000000000048
R8 =0x000000000000ffe0, R9 =0x0000000000000000, R10=0x00007ffb076d0000, R11=0x0000018bf80bb6c0
R12=0x0000000000000050, R13=0x0000000000000000, R14=0x0000000000000000, R15=0x0000003c626fec10
RIP=0x00007ffab834e0a9, EFLAGS=0x0000000000010202

Top of Stack: (sp=0x0000003c626fb9f0)
0x0000003c626fb9f0:   00000000000017dc 0000000000000000
0x0000003c626fba00:   0000003c626fec10 00007ffab82b38d1
0x0000003c626fba10:   0000018bd1b9db30 00007ffa00002000
0x0000003c626fba20:   0000018bf80bb6a0 0000000000000000
0x0000003c626fba30:   0000000000000002 0000018bf6a3d2b0
0x0000003c626fba40:   0000000000000002 0000018bd1b9db30
0x0000003c626fba50:   0000000000000000 0000000000000000
0x0000003c626fba60:   0000018bd1b7cb60 0000018bb3f97a50
0x0000003c626fba70:   0000000000000048 00007ffab89d4c08
0x0000003c626fba80:   0000003c626fbb90 00007ffab82aba8b
0x0000003c626fba90:   0000003c626fec10 00007ffab89d4c08
0x0000003c626fbaa0:   0000003c626fec10 0000003c626fbb90
0x0000003c626fbab0:   0000003c00000000 0000003c626ff770
0x0000003c626fbac0:   0000003c0000000f 0000003c626fec10
0x0000003c626fbad0:   0000003c626fbc40 00007ffa00000000
0x0000003c626fbae0:   0000018b00000100 00007ffab89d4c08 

Instructions: (pc=0x00007ffab834e0a9)
0x00007ffab834dfa9:   3b d0 75 0b ff c1 41 3b c9 7c dc 48 8b c2 c3 33
0x00007ffab834dfb9:   c0 c3 cc cc cc cc cc 48 89 5c 24 18 55 56 57 41
0x00007ffab834dfc9:   55 41 57 48 8b ec 48 83 ec 70 65 48 8b 04 25 58
0x00007ffab834dfd9:   00 00 00 48 8b f2 44 8b 05 d2 8b 90 00 4c 8b f9
0x00007ffab834dfe9:   4a 8b 1c c0 b8 50 00 00 00 80 3c 18 00 75 05 e8
0x00007ffab834dff9:   8b 6f 5d 00 b8 20 00 00 00 48 8b 04 18 48 8b 98
0x00007ffab834e009:   38 02 00 00 48 89 5d b0 c7 45 b8 04 00 00 00 48
0x00007ffab834e019:   8b 43 18 48 83 f8 df 76 18 4c 8d 05 37 a9 65 00
0x00007ffab834e029:   ba 20 00 00 00 48 8b cb e8 5a eb de ff 48 8b 43
0x00007ffab834e039:   18 48 8d 48 20 48 3b 4b 20 76 11 45 33 c0 48 8b
0x00007ffab834e049:   cb 41 8d 50 20 e8 fd e8 de ff eb 04 48 89 4b 18
0x00007ffab834e059:   44 8b 45 b8 33 d2 49 c1 e0 03 48 8b c8 48 89 45
0x00007ffab834e069:   c0 e8 e3 80 5d 00 45 33 ed 48 8d 4d d0 44 89 6d
0x00007ffab834e079:   c8 e8 01 59 56 00 41 8b 9f 40 02 00 00 41 2b 9f
0x00007ffab834e089:   68 02 00 00 44 89 6d f0 3b 5d b8 72 0b 8b d3 48
0x00007ffab834e099:   8d 4d b0 e8 6f b3 39 00 48 8b 45 c0 4c 89 2c d8
0x00007ffab834e0a9:   8b 7e 28 8b df c1 eb 05 3b 5d d0 72 0b 8b d3 48
0x00007ffab834e0b9:   8d 4d d0 e8 1f 59 56 00 48 8b 45 d8 83 e7 1f 48
0x00007ffab834e0c9:   8d 14 98 40 0f b6 cf 41 b8 01 00 00 00 41 d3 e0
0x00007ffab834e0d9:   8b 0a 8b c1 41 0b c0 89 02 41 85 c8 75 21 8b 5d
0x00007ffab834e0e9:   c8 8d 43 01 89 45 c8 3b 5d b8 72 0b 8b d3 48 8d
0x00007ffab834e0f9:   4d b0 e8 10 b3 39 00 48 8b 45 c0 48 89 34 d8 44
0x00007ffab834e109:   39 6d c8 0f 86 77 01 00 00 4c 89 a4 24 a0 00 00
0x00007ffab834e119:   00 4c 89 b4 24 a8 00 00 00 48 8b 45 c0 41 8b cd
0x00007ffab834e129:   48 8b 34 c8 8b 46 2c 25 ff 1f 00 00 3d 04 10 00
0x00007ffab834e139:   00 0f 85 a7 00 00 00 bb 01 00 00 00 39 5e 18 76
0x00007ffab834e149:   39 66 0f 1f 44 00 00 48 8b 46 08 8b cb 48 8b 14
0x00007ffab834e159:   c8 48 85 d2 74 1d 48 83 7a 10 00 74 16 80 7a 2c
0x00007ffab834e169:   84 74 10 e8 7f 7e ee ff 48 8b d0 49 8b cf e8 a4
0x00007ffab834e179:   61 f6 ff ff c3 3b 5e 18 72 cd 48 8b 5e 10 8b 46
0x00007ffab834e189:   20 4c 8d 34 c3 49 3b de 73 54 48 8b 3b 8b 47 2c
0x00007ffab834e199:   83 e0 03 3c 03 75 2e 48 8b 07 48 8b cf ff 90 88 


Stack slot to memory mapping:
stack at sp + 0 slots: 0x00000000000017dc is an unknown value
stack at sp + 1 slots: 0x0 is NULL
stack at sp + 2 slots: 0x0000003c626fec10 is pointing into the stack for thread: 0x0000018bd1ba8b40
stack at sp + 3 slots: 0x00007ffab82b38d1 jvm.dll
stack at sp + 4 slots: 0x0000018bd1b9db30 points into unknown readable memory: 0x0000000000000006 | 06 00 00 00 00 00 00 00
stack at sp + 5 slots: 0x00007ffa00002000 is an unknown value
stack at sp + 6 slots: 0x0000018bf80bb6a0 points into unknown readable memory: 0x0000000000000000 | 00 00 00 00 00 00 00 00
stack at sp + 7 slots: 0x0 is NULL


---------------  P R O C E S S  ---------------

Threads class SMR info:
_java_thread_list=0x0000018bf70d8510, length=89, elements={
0x0000018bb1efdf60, 0x0000018bd1b8ae90, 0x0000018bd1b8cc30, 0x0000018bd1b9f5e0,
0x0000018bd1ba2680, 0x0000018bd1ba40c0, 0x0000018bd1ba4990, 0x0000018bd1ba8b40,
0x0000018bd1bb1510, 0x0000018bd1bb1e20, 0x0000018bf112e1b0, 0x0000018bf113b4a0,
0x0000018bf222f7d0, 0x0000018bf27f5330, 0x0000018bf2bba3d0, 0x0000018bf25cbe20,
0x0000018bf300c760, 0x0000018bf25416d0, 0x0000018bf2e8f4b0, 0x0000018bf2e8fed0,
0x0000018bf2e90e00, 0x0000018bf2e91310, 0x0000018bf2e8e070, 0x0000018bf2e91820,
0x0000018bf2e8e580, 0x0000018bf2e8ea90, 0x0000018bf2e8efa0, 0x0000018bf3975100,
0x0000018bf3977980, 0x0000018bf3977e90, 0x0000018bf3975610, 0x0000018bf39746e0,
0x0000018bf3975b20, 0x0000018bf3977470, 0x0000018bf4bdfb80, 0x0000018bf4bdaf90,
0x0000018bf4bdc3d0, 0x0000018bf4bde740, 0x0000018bf4bdd810, 0x0000018bf4bdb4a0,
0x0000018bf4bddd20, 0x0000018bf4bda570, 0x0000018bf4bdf670, 0x0000018bf4bdb9b0,
0x0000018bf4be05a0, 0x0000018bf4bdbec0, 0x0000018bf4bdc8e0, 0x0000018bf4bdcdf0,
0x0000018bf4bdec50, 0x0000018bf4bde230, 0x0000018bf4be0090, 0x0000018bf4be0ab0,
0x0000018bf4be0fc0, 0x0000018bf4be14d0, 0x0000018bf4bda060, 0x0000018bf4bdd300,
0x0000018bf4be19e0, 0x0000018bf460a0c0, 0x0000018bf460bf20, 0x0000018bf460c940,
0x0000018bf460ce50, 0x0000018bf460c430, 0x0000018bf460b500, 0x0000018bf4609bb0,
0x0000018bf460ba10, 0x0000018bf460aff0, 0x0000018bf460d360, 0x0000018bf38f4a40,
0x0000018bf38f4f50, 0x0000018bf38f77d0, 0x0000018bf38f5e80, 0x0000018bf38f4530,
0x0000018bf38f4020, 0x0000018bf38f5460, 0x0000018bf38f6390, 0x0000018bf38f5970,
0x0000018bf38f68a0, 0x0000018bf3f0d660, 0x0000018bf3f11320, 0x0000018bf3f0c220,
0x0000018bf3f0efb0, 0x0000018bf3f10900, 0x0000018bf3f0e080, 0x0000018bf3f0f9d0,
0x0000018bf3f11830, 0x0000018bf3f0b800, 0x0000018bf3f103f0, 0x0000018bf4139060,
0x0000018bf3f0c730
}

Java Threads: ( => current thread )
  0x0000018bb1efdf60 JavaThread "main" [_thread_blocked, id=2288, stack(0x0000003c61900000,0x0000003c61a00000)]
  0x0000018bd1b8ae90 JavaThread "Reference Handler" daemon [_thread_blocked, id=7368, stack(0x0000003c62000000,0x0000003c62100000)]
  0x0000018bd1b8cc30 JavaThread "Finalizer" daemon [_thread_blocked, id=8056, stack(0x0000003c62100000,0x0000003c62200000)]
  0x0000018bd1b9f5e0 JavaThread "Signal Dispatcher" daemon [_thread_blocked, id=6492, stack(0x0000003c62200000,0x0000003c62300000)]
  0x0000018bd1ba2680 JavaThread "Attach Listener" daemon [_thread_blocked, id=9988, stack(0x0000003c62300000,0x0000003c62400000)]
  0x0000018bd1ba40c0 JavaThread "Service Thread" daemon [_thread_blocked, id=5480, stack(0x0000003c62400000,0x0000003c62500000)]
  0x0000018bd1ba4990 JavaThread "Monitor Deflation Thread" daemon [_thread_blocked, id=5004, stack(0x0000003c62500000,0x0000003c62600000)]
=>0x0000018bd1ba8b40 JavaThread "C2 CompilerThread0" daemon [_thread_in_native, id=1884, stack(0x0000003c62600000,0x0000003c62700000)]
  0x0000018bd1bb1510 JavaThread "C1 CompilerThread0" daemon [_thread_blocked, id=6884, stack(0x0000003c62700000,0x0000003c62800000)]
  0x0000018bd1bb1e20 JavaThread "Sweeper thread" daemon [_thread_blocked, id=10808, stack(0x0000003c62800000,0x0000003c62900000)]
  0x0000018bf112e1b0 JavaThread "Common-Cleaner" daemon [_thread_blocked, id=16076, stack(0x0000003c62900000,0x0000003c62a00000)]
  0x0000018bf113b4a0 JavaThread "Notification Thread" daemon [_thread_blocked, id=11500, stack(0x0000003c62a00000,0x0000003c62b00000)]
  0x0000018bf222f7d0 JavaThread "Daemon health stats" [_thread_blocked, id=10128, stack(0x0000003c63000000,0x0000003c63100000)]
  0x0000018bf27f5330 JavaThread "Incoming local TCP Connector on port 56616" [_thread_in_native, id=7344, stack(0x0000003c63100000,0x0000003c63200000)]
  0x0000018bf2bba3d0 JavaThread "Daemon periodic checks" [_thread_blocked, id=15824, stack(0x0000003c63200000,0x0000003c63300000)]
  0x0000018bf25cbe20 JavaThread "Daemon" [_thread_blocked, id=16220, stack(0x0000003c63300000,0x0000003c63400000)]
  0x0000018bf300c760 JavaThread "Handler for socket connection from /127.0.0.1:56616 to /127.0.0.1:59589" [_thread_in_native, id=6400, stack(0x0000003c63400000,0x0000003c63500000)]
  0x0000018bf25416d0 JavaThread "Cancel handler" [_thread_blocked, id=6172, stack(0x0000003c63500000,0x0000003c63600000)]
  0x0000018bf2e8f4b0 JavaThread "Daemon worker" [_thread_blocked, id=7208, stack(0x0000003c63600000,0x0000003c63700000)]
  0x0000018bf2e8fed0 JavaThread "Asynchronous log dispatcher for DefaultDaemonConnection: socket connection from /127.0.0.1:56616 to /127.0.0.1:59589" [_thread_blocked, id=12464, stack(0x0000003c63700000,0x0000003c63800000)]
  0x0000018bf2e90e00 JavaThread "Stdin handler" [_thread_blocked, id=7216, stack(0x0000003c63800000,0x0000003c63900000)]
  0x0000018bf2e91310 JavaThread "Daemon client event forwarder" [_thread_blocked, id=10100, stack(0x0000003c63900000,0x0000003c63a00000)]
  0x0000018bf2e8e070 JavaThread "Cache worker for journal cache (C:\Users\pc\.gradle\caches\journal-1)" [_thread_blocked, id=1076, stack(0x0000003c63a00000,0x0000003c63b00000)]
  0x0000018bf2e91820 JavaThread "File lock request listener" [_thread_in_native, id=14864, stack(0x0000003c63b00000,0x0000003c63c00000)]
  0x0000018bf2e8e580 JavaThread "Cache worker for file hash cache (C:\Users\pc\.gradle\caches\8.0.1\fileHashes)" [_thread_blocked, id=12672, stack(0x0000003c63c00000,0x0000003c63d00000)]
  0x0000018bf2e8ea90 JavaThread "File watcher server" daemon [_thread_in_native, id=1244, stack(0x0000003c63d00000,0x0000003c63e00000)]
  0x0000018bf2e8efa0 JavaThread "File watcher consumer" daemon [_thread_blocked, id=9936, stack(0x0000003c63e00000,0x0000003c63f00000)]
  0x0000018bf3975100 JavaThread "Cache worker for checksums cache (E:\Frontend\Exhaust\android\.gradle\8.0.1\checksums)" [_thread_blocked, id=12140, stack(0x0000003c62c00000,0x0000003c62d00000)]
  0x0000018bf3977980 JavaThread "Cache worker for cache directory md-rule (C:\Users\pc\.gradle\caches\8.0.1\md-rule)" [_thread_blocked, id=7556, stack(0x0000003c63f00000,0x0000003c64000000)]
  0x0000018bf3977e90 JavaThread "Cache worker for file content cache (C:\Users\pc\.gradle\caches\8.0.1\fileContent)" [_thread_blocked, id=13416, stack(0x0000003c64000000,0x0000003c64100000)]
  0x0000018bf3975610 JavaThread "Cache worker for file hash cache (E:\Frontend\Exhaust\android\.gradle\8.0.1\fileHashes)" [_thread_blocked, id=10392, stack(0x0000003c64200000,0x0000003c64300000)]
  0x0000018bf39746e0 JavaThread "Cache worker for cache directory md-supplier (C:\Users\pc\.gradle\caches\8.0.1\md-supplier)" [_thread_blocked, id=2604, stack(0x0000003c64300000,0x0000003c64400000)]
  0x0000018bf3975b20 JavaThread "Cache worker for execution history cache (C:\Users\pc\.gradle\caches\8.0.1\executionHistory)" [_thread_blocked, id=1256, stack(0x0000003c64400000,0x0000003c64500000)]
  0x0000018bf3977470 JavaThread "jar transforms" [_thread_blocked, id=10312, stack(0x0000003c64500000,0x0000003c64600000)]
  0x0000018bf4bdfb80 JavaThread "jar transforms Thread 2" [_thread_blocked, id=9184, stack(0x0000003c64600000,0x0000003c64700000)]
  0x0000018bf4bdaf90 JavaThread "jar transforms Thread 3" [_thread_blocked, id=492, stack(0x0000003c64100000,0x0000003c64200000)]
  0x0000018bf4bdc3d0 JavaThread "jar transforms Thread 4" [_thread_blocked, id=4964, stack(0x0000003c64700000,0x0000003c64800000)]
  0x0000018bf4bde740 JavaThread "Cache worker for kotlin-dsl (C:\Users\pc\.gradle\caches\8.0.1\kotlin-dsl)" [_thread_blocked, id=4556, stack(0x0000003c64900000,0x0000003c64a00000)]
  0x0000018bf4bdd810 JavaThread "Cache worker for dependencies-accessors (E:\Frontend\Exhaust\android\.gradle\8.0.1\dependencies-accessors)" [_thread_blocked, id=10848, stack(0x0000003c64a00000,0x0000003c64b00000)]
  0x0000018bf4bdb4a0 JavaThread "Cache worker for Build Output Cleanup Cache (E:\Frontend\Exhaust\node_modules\@react-native\gradle-plugin\.gradle\buildOutputCleanup)" [_thread_blocked, id=8820, stack(0x0000003c64b00000,0x0000003c64c00000)]
  0x0000018bf4bddd20 JavaThread "Unconstrained build operations" [_thread_blocked, id=3320, stack(0x0000003c64c00000,0x0000003c64d00000)]
  0x0000018bf4bda570 JavaThread "Unconstrained build operations Thread 2" [_thread_blocked, id=11180, stack(0x0000003c64d00000,0x0000003c64e00000)]
  0x0000018bf4bdf670 JavaThread "Unconstrained build operations Thread 3" [_thread_blocked, id=11608, stack(0x0000003c64e00000,0x0000003c64f00000)]
  0x0000018bf4bdb9b0 JavaThread "Unconstrained build operations Thread 4" [_thread_blocked, id=14956, stack(0x0000003c64f00000,0x0000003c65000000)]
  0x0000018bf4be05a0 JavaThread "Unconstrained build operations Thread 5" [_thread_blocked, id=15744, stack(0x0000003c65000000,0x0000003c65100000)]
  0x0000018bf4bdbec0 JavaThread "Unconstrained build operations Thread 6" [_thread_blocked, id=15492, stack(0x0000003c65100000,0x0000003c65200000)]
  0x0000018bf4bdc8e0 JavaThread "Unconstrained build operations Thread 7" [_thread_blocked, id=10488, stack(0x0000003c65200000,0x0000003c65300000)]
  0x0000018bf4bdcdf0 JavaThread "Unconstrained build operations Thread 8" [_thread_blocked, id=13768, stack(0x0000003c65300000,0x0000003c65400000)]
  0x0000018bf4bdec50 JavaThread "Unconstrained build operations Thread 9" [_thread_blocked, id=9404, stack(0x0000003c65400000,0x0000003c65500000)]
  0x0000018bf4bde230 JavaThread "Unconstrained build operations Thread 10" [_thread_blocked, id=9984, stack(0x0000003c65500000,0x0000003c65600000)]
  0x0000018bf4be0090 JavaThread "Unconstrained build operations Thread 11" [_thread_blocked, id=12244, stack(0x0000003c65600000,0x0000003c65700000)]
  0x0000018bf4be0ab0 JavaThread "Unconstrained build operations Thread 12" [_thread_blocked, id=8988, stack(0x0000003c65700000,0x0000003c65800000)]
  0x0000018bf4be0fc0 JavaThread "Unconstrained build operations Thread 13" [_thread_blocked, id=1224, stack(0x0000003c65800000,0x0000003c65900000)]
  0x0000018bf4be14d0 JavaThread "Unconstrained build operations Thread 14" [_thread_blocked, id=3564, stack(0x0000003c65900000,0x0000003c65a00000)]
  0x0000018bf4bda060 JavaThread "Unconstrained build operations Thread 15" [_thread_blocked, id=10596, stack(0x0000003c65a00000,0x0000003c65b00000)]
  0x0000018bf4bdd300 JavaThread "Unconstrained build operations Thread 16" [_thread_blocked, id=16564, stack(0x0000003c65b00000,0x0000003c65c00000)]
  0x0000018bf4be19e0 JavaThread "Unconstrained build operations Thread 17" [_thread_blocked, id=12380, stack(0x0000003c65c00000,0x0000003c65d00000)]
  0x0000018bf460a0c0 JavaThread "Unconstrained build operations Thread 18" [_thread_blocked, id=13376, stack(0x0000003c65d00000,0x0000003c65e00000)]
  0x0000018bf460bf20 JavaThread "Unconstrained build operations Thread 19" [_thread_blocked, id=6584, stack(0x0000003c65e00000,0x0000003c65f00000)]
  0x0000018bf460c940 JavaThread "Unconstrained build operations Thread 20" [_thread_blocked, id=5588, stack(0x0000003c65f00000,0x0000003c66000000)]
  0x0000018bf460ce50 JavaThread "Unconstrained build operations Thread 21" [_thread_in_native, id=2184, stack(0x0000003c66000000,0x0000003c66100000)]
  0x0000018bf460c430 JavaThread "Unconstrained build operations Thread 22" [_thread_blocked, id=10400, stack(0x0000003c66100000,0x0000003c66200000)]
  0x0000018bf460b500 JavaThread "Unconstrained build operations Thread 23" [_thread_blocked, id=11888, stack(0x0000003c66200000,0x0000003c66300000)]
  0x0000018bf4609bb0 JavaThread "Unconstrained build operations Thread 24" [_thread_blocked, id=11144, stack(0x0000003c66300000,0x0000003c66400000)]
  0x0000018bf460ba10 JavaThread "Unconstrained build operations Thread 25" [_thread_blocked, id=14520, stack(0x0000003c66400000,0x0000003c66500000)]
  0x0000018bf460aff0 JavaThread "Unconstrained build operations Thread 26" [_thread_blocked, id=13808, stack(0x0000003c66500000,0x0000003c66600000)]
  0x0000018bf460d360 JavaThread "Memory manager" [_thread_blocked, id=12292, stack(0x0000003c66600000,0x0000003c66700000)]
  0x0000018bf38f4a40 JavaThread "Cache worker for Build Output Cleanup Cache (E:\Frontend\Exhaust\android\.gradle\buildOutputCleanup)" [_thread_blocked, id=10364, stack(0x0000003c66700000,0x0000003c66800000)]
  0x0000018bf38f4f50 JavaThread "included builds" [_thread_blocked, id=1332, stack(0x0000003c66800000,0x0000003c66900000)]
  0x0000018bf38f77d0 JavaThread "Execution worker" [_thread_blocked, id=8716, stack(0x0000003c66900000,0x0000003c66a00000)]
  0x0000018bf38f5e80 JavaThread "Execution worker Thread 2" [_thread_blocked, id=10592, stack(0x0000003c66a00000,0x0000003c66b00000)]
  0x0000018bf38f4530 JavaThread "Execution worker Thread 3" [_thread_blocked, id=6536, stack(0x0000003c66b00000,0x0000003c66c00000)]
  0x0000018bf38f4020 JavaThread "Cache worker for execution history cache (E:\Frontend\Exhaust\node_modules\@react-native\gradle-plugin\.gradle\8.0.1\executionHistory)" [_thread_blocked, id=16868, stack(0x0000003c66c00000,0x0000003c66d00000)]
  0x0000018bf38f5460 JavaThread "Unconstrained build operations Thread 27" [_thread_blocked, id=10280, stack(0x0000003c66f00000,0x0000003c67000000)]
  0x0000018bf38f6390 JavaThread "Unconstrained build operations Thread 28" [_thread_blocked, id=8552, stack(0x0000003c67000000,0x0000003c67100000)]
  0x0000018bf38f5970 JavaThread "Unconstrained build operations Thread 29" [_thread_blocked, id=13336, stack(0x0000003c67100000,0x0000003c67200000)]
  0x0000018bf38f68a0 JavaThread "Unconstrained build operations Thread 30" [_thread_blocked, id=10096, stack(0x0000003c67200000,0x0000003c67300000)]
  0x0000018bf3f0d660 JavaThread "Unconstrained build operations Thread 31" [_thread_blocked, id=13488, stack(0x0000003c67300000,0x0000003c67400000)]
  0x0000018bf3f11320 JavaThread "Unconstrained build operations Thread 32" [_thread_blocked, id=5068, stack(0x0000003c67400000,0x0000003c67500000)]
  0x0000018bf3f0c220 JavaThread "Unconstrained build operations Thread 33" [_thread_blocked, id=9588, stack(0x0000003c67500000,0x0000003c67600000)]
  0x0000018bf3f0efb0 JavaThread "Unconstrained build operations Thread 34" [_thread_blocked, id=14604, stack(0x0000003c67600000,0x0000003c67700000)]
  0x0000018bf3f10900 JavaThread "Unconstrained build operations Thread 35" [_thread_blocked, id=12396, stack(0x0000003c67700000,0x0000003c67800000)]
  0x0000018bf3f0e080 JavaThread "Unconstrained build operations Thread 36" [_thread_blocked, id=6720, stack(0x0000003c67800000,0x0000003c67900000)]
  0x0000018bf3f0f9d0 JavaThread "Unconstrained build operations Thread 37" [_thread_blocked, id=1148, stack(0x0000003c67900000,0x0000003c67a00000)]
  0x0000018bf3f11830 JavaThread "Unconstrained build operations Thread 38" [_thread_blocked, id=8564, stack(0x0000003c67a00000,0x0000003c67b00000)]
  0x0000018bf3f0b800 JavaThread "Unconstrained build operations Thread 39" [_thread_blocked, id=3400, stack(0x0000003c67b00000,0x0000003c67c00000)]
  0x0000018bf3f103f0 JavaThread "Unconstrained build operations Thread 40" [_thread_blocked, id=10880, stack(0x0000003c67c00000,0x0000003c67d00000)]
  0x0000018bf4139060 JavaThread "C2 CompilerThread1" daemon [_thread_in_native, id=2064, stack(0x0000003c64800000,0x0000003c64900000)]
  0x0000018bf3f0c730 JavaThread "Cache worker for execution history cache (E:\Frontend\Exhaust\android\.gradle\8.0.1\executionHistory)" [_thread_blocked, id=10616, stack(0x0000003c67f00000,0x0000003c68000000)]

Other Threads:
  0x0000018bd1b87ac0 VMThread "VM Thread" [stack: 0x0000003c61f00000,0x0000003c62000000] [id=17200]
  0x0000018bb4000510 WatcherThread [stack: 0x0000003c62b00000,0x0000003c62c00000] [id=8264]
  0x0000018bb3fddaf0 GCTaskThread "GC Thread#0" [stack: 0x0000003c61a00000,0x0000003c61b00000] [id=1532]
  0x0000018bf14c9f40 GCTaskThread "GC Thread#1" [stack: 0x0000003c62d00000,0x0000003c62e00000] [id=5192]
  0x0000018bf186a480 GCTaskThread "GC Thread#2" [stack: 0x0000003c62e00000,0x0000003c62f00000] [id=6852]
  0x0000018bf1690f50 GCTaskThread "GC Thread#3" [stack: 0x0000003c62f00000,0x0000003c63000000] [id=1588]
  0x0000018bb3ff0100 ConcurrentGCThread "G1 Main Marker" [stack: 0x0000003c61b00000,0x0000003c61c00000] [id=16200]
  0x0000018bb3ff0a20 ConcurrentGCThread "G1 Conc#0" [stack: 0x0000003c61c00000,0x0000003c61d00000] [id=4196]
  0x0000018bd1a3c540 ConcurrentGCThread "G1 Refine#0" [stack: 0x0000003c61d00000,0x0000003c61e00000] [id=7532]
  0x0000018bf63cc6f0 ConcurrentGCThread "G1 Refine#1" [stack: 0x0000003c67d00000,0x0000003c67e00000] [id=4764]
  0x0000018bf63cd5a0 ConcurrentGCThread "G1 Refine#2" [stack: 0x0000003c67e00000,0x0000003c67f00000] [id=9596]
  0x0000018bd1a3ce80 ConcurrentGCThread "G1 Service" [stack: 0x0000003c61e00000,0x0000003c61f00000] [id=9372]

Threads with active compile tasks:
C2 CompilerThread0    56369 16607       4       org.gradle.cache.internal.CacheAccessWorker$1::call (10 bytes)
C2 CompilerThread1    56369 16613   !   4       org.gradle.cache.internal.DefaultMultiProcessSafePersistentIndexedCache::getIfPresent (25 bytes)

VM state: not at safepoint (normal execution)

VM Mutex/Monitor currently owned by a thread: None

Heap address: 0x0000000080000000, size: 2048 MB, Compressed Oops mode: 32-bit

CDS archive(s) mapped at: [0x0000018bd2000000-0x0000018bd2bd0000-0x0000018bd2bd0000), size 12386304, SharedBaseAddress: 0x0000018bd2000000, ArchiveRelocationMode: 1.
Compressed class space mapped at: 0x0000018bd3000000-0x0000018bed000000, reserved size: 436207616
Narrow klass base: 0x0000018bd2000000, Narrow klass shift: 0, Narrow klass range: 0x100000000

GC Precious Log:
 CPUs: 4 total, 4 available
 Memory: 16265M
 Large Page Support: Disabled
 NUMA Support: Disabled
 Compressed Oops: Enabled (32-bit)
 Heap Region Size: 1M
 Heap Min Capacity: 8M
 Heap Initial Capacity: 256M
 Heap Max Capacity: 2G
 Pre-touch: Disabled
 Parallel Workers: 4
 Concurrent Workers: 1
 Concurrent Refinement Workers: 4
 Periodic GC: Disabled

Heap:
 garbage-first heap   total 473088K, used 299008K [0x0000000080000000, 0x0000000100000000)
  region size 1024K, 65 young (66560K), 9 survivors (9216K)
 Metaspace       used 105487K, committed 106944K, reserved 557056K
  class space    used 14482K, committed 15168K, reserved 425984K

Heap Regions: E=young(eden), S=young(survivor), O=old, HS=humongous(starts), HC=humongous(continues), CS=collection set, F=free, OA=open archive, CA=closed archive, TAMS=top-at-mark-start (previous, next)
|   0|0x0000000080000000, 0x0000000080100000, 0x0000000080100000|100%| O|  |TAMS 0x0000000080100000, 0x0000000080000000| Untracked 
|   1|0x0000000080100000, 0x0000000080200000, 0x0000000080200000|100%| O|  |TAMS 0x0000000080200000, 0x0000000080100000| Untracked 
|   2|0x0000000080200000, 0x0000000080300000, 0x0000000080300000|100%|HS|  |TAMS 0x0000000080300000, 0x0000000080200000| Complete 
|   3|0x0000000080300000, 0x0000000080400000, 0x0000000080400000|100%|HC|  |TAMS 0x0000000080400000, 0x0000000080300000| Complete 
|   4|0x0000000080400000, 0x0000000080500000, 0x0000000080500000|100%|HC|  |TAMS 0x0000000080500000, 0x0000000080400000| Complete 
|   5|0x0000000080500000, 0x0000000080600000, 0x0000000080600000|100%|HC|  |TAMS 0x0000000080600000, 0x0000000080500000| Complete 
|   6|0x0000000080600000, 0x0000000080700000, 0x0000000080700000|100%| O|  |TAMS 0x0000000080700000, 0x0000000080600000| Untracked 
|   7|0x0000000080700000, 0x0000000080800000, 0x0000000080800000|100%| O|  |TAMS 0x0000000080800000, 0x0000000080700000| Untracked 
|   8|0x0000000080800000, 0x0000000080900000, 0x0000000080900000|100%| O|  |TAMS 0x0000000080900000, 0x0000000080800000| Untracked 
|   9|0x0000000080900000, 0x0000000080a00000, 0x0000000080a00000|100%| O|  |TAMS 0x0000000080a00000, 0x0000000080900000| Untracked 
|  10|0x0000000080a00000, 0x0000000080b00000, 0x0000000080b00000|100%| O|  |TAMS 0x0000000080b00000, 0x0000000080a00000| Untracked 
|  11|0x0000000080b00000, 0x0000000080c00000, 0x0000000080c00000|100%|HS|  |TAMS 0x0000000080c00000, 0x0000000080b00000| Complete 
|  12|0x0000000080c00000, 0x0000000080d00000, 0x0000000080d00000|100%| O|  |TAMS 0x0000000080d00000, 0x0000000080c00000| Untracked 
|  13|0x0000000080d00000, 0x0000000080e00000, 0x0000000080e00000|100%| O|  |TAMS 0x0000000080e00000, 0x0000000080d00000| Untracked 
|  14|0x0000000080e00000, 0x0000000080f00000, 0x0000000080f00000|100%| O|  |TAMS 0x0000000080f00000, 0x0000000080e00000| Untracked 
|  15|0x0000000080f00000, 0x0000000081000000, 0x0000000081000000|100%| O|  |TAMS 0x0000000081000000, 0x0000000080f00000| Untracked 
|  16|0x0000000081000000, 0x0000000081100000, 0x0000000081100000|100%| O|  |TAMS 0x0000000081100000, 0x0000000081000000| Untracked 
|  17|0x0000000081100000, 0x0000000081200000, 0x0000000081200000|100%| O|  |TAMS 0x0000000081200000, 0x0000000081100000| Untracked 
|  18|0x0000000081200000, 0x0000000081300000, 0x0000000081300000|100%| O|  |TAMS 0x0000000081300000, 0x0000000081200000| Untracked 
|  19|0x0000000081300000, 0x0000000081400000, 0x0000000081400000|100%| O|  |TAMS 0x0000000081400000, 0x0000000081300000| Untracked 
|  20|0x0000000081400000, 0x0000000081500000, 0x0000000081500000|100%| O|  |TAMS 0x0000000081500000, 0x0000000081400000| Untracked 
|  21|0x0000000081500000, 0x0000000081600000, 0x0000000081600000|100%| O|  |TAMS 0x0000000081600000, 0x0000000081500000| Untracked 
|  22|0x0000000081600000, 0x0000000081700000, 0x0000000081700000|100%| O|  |TAMS 0x0000000081700000, 0x0000000081600000| Untracked 
|  23|0x0000000081700000, 0x0000000081800000, 0x0000000081800000|100%| O|  |TAMS 0x0000000081800000, 0x0000000081700000| Untracked 
|  24|0x0000000081800000, 0x0000000081900000, 0x0000000081900000|100%| O|  |TAMS 0x0000000081900000, 0x0000000081800000| Untracked 
|  25|0x0000000081900000, 0x0000000081a00000, 0x0000000081a00000|100%| O|  |TAMS 0x0000000081a00000, 0x0000000081900000| Untracked 
|  26|0x0000000081a00000, 0x0000000081b00000, 0x0000000081b00000|100%| O|  |TAMS 0x0000000081b00000, 0x0000000081a00000| Untracked 
|  27|0x0000000081b00000, 0x0000000081c00000, 0x0000000081c00000|100%| O|  |TAMS 0x0000000081c00000, 0x0000000081b00000| Untracked 
|  28|0x0000000081c00000, 0x0000000081d00000, 0x0000000081d00000|100%| O|  |TAMS 0x0000000081d00000, 0x0000000081c00000| Untracked 
|  29|0x0000000081d00000, 0x0000000081e00000, 0x0000000081e00000|100%| O|  |TAMS 0x0000000081e00000, 0x0000000081d00000| Untracked 
|  30|0x0000000081e00000, 0x0000000081f00000, 0x0000000081f00000|100%| O|  |TAMS 0x0000000081f00000, 0x0000000081e00000| Untracked 
|  31|0x0000000081f00000, 0x0000000082000000, 0x0000000082000000|100%| O|  |TAMS 0x0000000082000000, 0x0000000081f00000| Untracked 
|  32|0x0000000082000000, 0x0000000082100000, 0x0000000082100000|100%| O|  |TAMS 0x0000000082100000, 0x0000000082000000| Untracked 
|  33|0x0000000082100000, 0x0000000082200000, 0x0000000082200000|100%| O|  |TAMS 0x0000000082100000, 0x0000000082100000| Untracked 
|  34|0x0000000082200000, 0x0000000082300000, 0x0000000082300000|100%|HS|  |TAMS 0x0000000082300000, 0x0000000082200000| Complete 
|  35|0x0000000082300000, 0x0000000082400000, 0x0000000082400000|100%|HC|  |TAMS 0x0000000082400000, 0x0000000082300000| Complete 
|  36|0x0000000082400000, 0x0000000082500000, 0x0000000082500000|100%| O|  |TAMS 0x0000000082500000, 0x0000000082400000| Untracked 
|  37|0x0000000082500000, 0x0000000082600000, 0x0000000082600000|100%| O|  |TAMS 0x0000000082600000, 0x0000000082500000| Untracked 
|  38|0x0000000082600000, 0x0000000082700000, 0x0000000082700000|100%|HS|  |TAMS 0x0000000082700000, 0x0000000082600000| Complete 
|  39|0x0000000082700000, 0x0000000082800000, 0x0000000082800000|100%|HC|  |TAMS 0x0000000082800000, 0x0000000082700000| Complete 
|  40|0x0000000082800000, 0x0000000082900000, 0x0000000082900000|100%|HC|  |TAMS 0x0000000082900000, 0x0000000082800000| Complete 
|  41|0x0000000082900000, 0x0000000082a00000, 0x0000000082a00000|100%|HC|  |TAMS 0x0000000082a00000, 0x0000000082900000| Complete 
|  42|0x0000000082a00000, 0x0000000082b00000, 0x0000000082b00000|100%| O|  |TAMS 0x0000000082b00000, 0x0000000082a00000| Untracked 
|  43|0x0000000082b00000, 0x0000000082c00000, 0x0000000082c00000|100%| O|  |TAMS 0x0000000082c00000, 0x0000000082b00000| Untracked 
|  44|0x0000000082c00000, 0x0000000082d00000, 0x0000000082d00000|100%| O|  |TAMS 0x0000000082d00000, 0x0000000082c00000| Untracked 
|  45|0x0000000082d00000, 0x0000000082e00000, 0x0000000082e00000|100%| O|  |TAMS 0x0000000082e00000, 0x0000000082d00000| Untracked 
|  46|0x0000000082e00000, 0x0000000082f00000, 0x0000000082f00000|100%| O|  |TAMS 0x0000000082f00000, 0x0000000082e00000| Untracked 
|  47|0x0000000082f00000, 0x0000000083000000, 0x0000000083000000|100%| O|  |TAMS 0x0000000083000000, 0x0000000082f00000| Untracked 
|  48|0x0000000083000000, 0x0000000083100000, 0x0000000083100000|100%| O|  |TAMS 0x0000000083100000, 0x0000000083000000| Untracked 
|  49|0x0000000083100000, 0x0000000083200000, 0x0000000083200000|100%| O|  |TAMS 0x0000000083200000, 0x0000000083100000| Untracked 
|  50|0x0000000083200000, 0x0000000083300000, 0x0000000083300000|100%| O|  |TAMS 0x0000000083300000, 0x0000000083200000| Untracked 
|  51|0x0000000083300000, 0x0000000083400000, 0x0000000083400000|100%| O|  |TAMS 0x0000000083400000, 0x0000000083300000| Untracked 
|  52|0x0000000083400000, 0x0000000083500000, 0x0000000083500000|100%| O|  |TAMS 0x0000000083500000, 0x0000000083400000| Untracked 
|  53|0x0000000083500000, 0x0000000083600000, 0x0000000083600000|100%| O|  |TAMS 0x0000000083600000, 0x0000000083500000| Untracked 
|  54|0x0000000083600000, 0x0000000083700000, 0x0000000083700000|100%| O|  |TAMS 0x0000000083700000, 0x0000000083600000| Untracked 
|  55|0x0000000083700000, 0x0000000083800000, 0x0000000083800000|100%| O|  |TAMS 0x0000000083800000, 0x0000000083700000| Untracked 
|  56|0x0000000083800000, 0x0000000083900000, 0x0000000083900000|100%| O|  |TAMS 0x0000000083900000, 0x0000000083800000| Untracked 
|  57|0x0000000083900000, 0x0000000083a00000, 0x0000000083a00000|100%| O|  |TAMS 0x0000000083a00000, 0x0000000083900000| Untracked 
|  58|0x0000000083a00000, 0x0000000083b00000, 0x0000000083b00000|100%| O|  |TAMS 0x0000000083b00000, 0x0000000083a00000| Untracked 
|  59|0x0000000083b00000, 0x0000000083c00000, 0x0000000083c00000|100%| O|  |TAMS 0x0000000083c00000, 0x0000000083b00000| Untracked 
|  60|0x0000000083c00000, 0x0000000083d00000, 0x0000000083d00000|100%| O|  |TAMS 0x0000000083d00000, 0x0000000083c00000| Untracked 
|  61|0x0000000083d00000, 0x0000000083e00000, 0x0000000083e00000|100%| O|  |TAMS 0x0000000083e00000, 0x0000000083d00000| Untracked 
|  62|0x0000000083e00000, 0x0000000083f00000, 0x0000000083f00000|100%| O|  |TAMS 0x0000000083f00000, 0x0000000083e00000| Untracked 
|  63|0x0000000083f00000, 0x0000000084000000, 0x0000000084000000|100%|HS|  |TAMS 0x0000000084000000, 0x0000000083f00000| Complete 
|  64|0x0000000084000000, 0x0000000084100000, 0x0000000084100000|100%|HS|  |TAMS 0x0000000084100000, 0x0000000084000000| Complete 
|  65|0x0000000084100000, 0x0000000084200000, 0x0000000084200000|100%| O|  |TAMS 0x0000000084200000, 0x0000000084100000| Untracked 
|  66|0x0000000084200000, 0x0000000084300000, 0x0000000084300000|100%| O|  |TAMS 0x0000000084300000, 0x0000000084200000| Untracked 
|  67|0x0000000084300000, 0x0000000084400000, 0x0000000084400000|100%| O|  |TAMS 0x0000000084400000, 0x0000000084300000| Untracked 
|  68|0x0000000084400000, 0x0000000084500000, 0x0000000084500000|100%| O|  |TAMS 0x0000000084500000, 0x0000000084400000| Untracked 
|  69|0x0000000084500000, 0x0000000084600000, 0x0000000084600000|100%| O|  |TAMS 0x0000000084600000, 0x0000000084500000| Untracked 
|  70|0x0000000084600000, 0x0000000084700000, 0x0000000084700000|100%| O|  |TAMS 0x0000000084700000, 0x0000000084600000| Untracked 
|  71|0x0000000084700000, 0x0000000084800000, 0x0000000084800000|100%| O|  |TAMS 0x0000000084800000, 0x0000000084700000| Untracked 
|  72|0x0000000084800000, 0x0000000084900000, 0x0000000084900000|100%| O|  |TAMS 0x0000000084900000, 0x0000000084800000| Untracked 
|  73|0x0000000084900000, 0x0000000084a00000, 0x0000000084a00000|100%|HS|  |TAMS 0x0000000084a00000, 0x0000000084900000| Complete 
|  74|0x0000000084a00000, 0x0000000084b00000, 0x0000000084b00000|100%|HC|  |TAMS 0x0000000084b00000, 0x0000000084a00000| Complete 
|  75|0x0000000084b00000, 0x0000000084c00000, 0x0000000084c00000|100%| O|  |TAMS 0x0000000084c00000, 0x0000000084b00000| Untracked 
|  76|0x0000000084c00000, 0x0000000084d00000, 0x0000000084d00000|100%| O|  |TAMS 0x0000000084d00000, 0x0000000084c00000| Untracked 
|  77|0x0000000084d00000, 0x0000000084e00000, 0x0000000084e00000|100%| O|  |TAMS 0x0000000084e00000, 0x0000000084d00000| Untracked 
|  78|0x0000000084e00000, 0x0000000084f00000, 0x0000000084f00000|100%|HS|  |TAMS 0x0000000084f00000, 0x0000000084e00000| Complete 
|  79|0x0000000084f00000, 0x0000000085000000, 0x0000000085000000|100%|HC|  |TAMS 0x0000000085000000, 0x0000000084f00000| Complete 
|  80|0x0000000085000000, 0x0000000085100000, 0x0000000085100000|100%|HC|  |TAMS 0x0000000085100000, 0x0000000085000000| Complete 
|  81|0x0000000085100000, 0x0000000085200000, 0x0000000085200000|100%|HC|  |TAMS 0x0000000085200000, 0x0000000085100000| Complete 
|  82|0x0000000085200000, 0x0000000085300000, 0x0000000085300000|100%| O|  |TAMS 0x0000000085300000, 0x0000000085200000| Untracked 
|  83|0x0000000085300000, 0x0000000085400000, 0x0000000085400000|100%| O|  |TAMS 0x0000000085400000, 0x0000000085300000| Untracked 
|  84|0x0000000085400000, 0x0000000085500000, 0x0000000085500000|100%| O|  |TAMS 0x0000000085500000, 0x0000000085400000| Untracked 
|  85|0x0000000085500000, 0x0000000085600000, 0x0000000085600000|100%| O|  |TAMS 0x0000000085600000, 0x0000000085500000| Untracked 
|  86|0x0000000085600000, 0x0000000085700000, 0x0000000085700000|100%| O|  |TAMS 0x0000000085700000, 0x0000000085600000| Untracked 
|  87|0x0000000085700000, 0x0000000085800000, 0x0000000085800000|100%| O|  |TAMS 0x0000000085800000, 0x0000000085700000| Untracked 
|  88|0x0000000085800000, 0x0000000085900000, 0x0000000085900000|100%| O|  |TAMS 0x0000000085900000, 0x0000000085800000| Untracked 
|  89|0x0000000085900000, 0x0000000085a00000, 0x0000000085a00000|100%| O|  |TAMS 0x0000000085a00000, 0x0000000085900000| Untracked 
|  90|0x0000000085a00000, 0x0000000085b00000, 0x0000000085b00000|100%| O|  |TAMS 0x0000000085b00000, 0x0000000085a00000| Untracked 
|  91|0x0000000085b00000, 0x0000000085c00000, 0x0000000085c00000|100%| O|  |TAMS 0x0000000085c00000, 0x0000000085b00000| Untracked 
|  92|0x0000000085c00000, 0x0000000085d00000, 0x0000000085d00000|100%| O|  |TAMS 0x0000000085d00000, 0x0000000085c00000| Untracked 
|  93|0x0000000085d00000, 0x0000000085e00000, 0x0000000085e00000|100%| O|  |TAMS 0x0000000085e00000, 0x0000000085d00000| Untracked 
|  94|0x0000000085e00000, 0x0000000085f00000, 0x0000000085f00000|100%| O|  |TAMS 0x0000000085e00000, 0x0000000085e00000| Untracked 
|  95|0x0000000085f00000, 0x0000000086000000, 0x0000000086000000|100%|HS|  |TAMS 0x0000000086000000, 0x0000000085f00000| Complete 
|  96|0x0000000086000000, 0x0000000086100000, 0x0000000086100000|100%|HC|  |TAMS 0x0000000086100000, 0x0000000086000000| Complete 
|  97|0x0000000086100000, 0x0000000086200000, 0x0000000086200000|100%|HC|  |TAMS 0x0000000086200000, 0x0000000086100000| Complete 
|  98|0x0000000086200000, 0x0000000086300000, 0x0000000086300000|100%|HS|  |TAMS 0x0000000086300000, 0x0000000086200000| Complete 
|  99|0x0000000086300000, 0x0000000086400000, 0x0000000086400000|100%|HC|  |TAMS 0x0000000086400000, 0x0000000086300000| Complete 
| 100|0x0000000086400000, 0x0000000086500000, 0x0000000086500000|100%| O|  |TAMS 0x0000000086500000, 0x0000000086400000| Untracked 
| 101|0x0000000086500000, 0x0000000086600000, 0x0000000086600000|100%| O|  |TAMS 0x0000000086600000, 0x0000000086500000| Untracked 
| 102|0x0000000086600000, 0x0000000086700000, 0x0000000086700000|100%| O|  |TAMS 0x0000000086700000, 0x0000000086600000| Untracked 
| 103|0x0000000086700000, 0x0000000086800000, 0x0000000086800000|100%| O|  |TAMS 0x0000000086800000, 0x0000000086700000| Untracked 
| 104|0x0000000086800000, 0x0000000086900000, 0x0000000086900000|100%| O|  |TAMS 0x0000000086900000, 0x0000000086800000| Untracked 
| 105|0x0000000086900000, 0x0000000086a00000, 0x0000000086a00000|100%| O|  |TAMS 0x0000000086a00000, 0x0000000086900000| Untracked 
| 106|0x0000000086a00000, 0x0000000086b00000, 0x0000000086b00000|100%| O|  |TAMS 0x0000000086b00000, 0x0000000086a00000| Untracked 
| 107|0x0000000086b00000, 0x0000000086c00000, 0x0000000086c00000|100%|HS|  |TAMS 0x0000000086c00000, 0x0000000086b00000| Complete 
| 108|0x0000000086c00000, 0x0000000086d00000, 0x0000000086d00000|100%| O|  |TAMS 0x0000000086d00000, 0x0000000086c00000| Untracked 
| 109|0x0000000086d00000, 0x0000000086e00000, 0x0000000086e00000|100%| O|  |TAMS 0x0000000086e00000, 0x0000000086d00000| Untracked 
| 110|0x0000000086e00000, 0x0000000086f00000, 0x0000000086f00000|100%| O|  |TAMS 0x0000000086f00000, 0x0000000086e00000| Untracked 
| 111|0x0000000086f00000, 0x0000000087000000, 0x0000000087000000|100%| O|  |TAMS 0x0000000087000000, 0x0000000086f00000| Untracked 
| 112|0x0000000087000000, 0x0000000087100000, 0x0000000087100000|100%| O|  |TAMS 0x0000000087100000, 0x0000000087000000| Untracked 
| 113|0x0000000087100000, 0x0000000087200000, 0x0000000087200000|100%| O|  |TAMS 0x0000000087200000, 0x0000000087100000| Untracked 
| 114|0x0000000087200000, 0x0000000087300000, 0x0000000087300000|100%| O|  |TAMS 0x0000000087300000, 0x0000000087200000| Untracked 
| 115|0x0000000087300000, 0x0000000087400000, 0x0000000087400000|100%|HS|  |TAMS 0x0000000087400000, 0x0000000087300000| Complete 
| 116|0x0000000087400000, 0x0000000087500000, 0x0000000087500000|100%|HS|  |TAMS 0x0000000087500000, 0x0000000087400000| Complete 
| 117|0x0000000087500000, 0x0000000087600000, 0x0000000087600000|100%|HS|  |TAMS 0x0000000087600000, 0x0000000087500000| Complete 
| 118|0x0000000087600000, 0x0000000087700000, 0x0000000087700000|100%|HS|  |TAMS 0x0000000087700000, 0x0000000087600000| Complete 
| 119|0x0000000087700000, 0x0000000087800000, 0x0000000087800000|100%|HC|  |TAMS 0x0000000087800000, 0x0000000087700000| Complete 
| 120|0x0000000087800000, 0x0000000087900000, 0x0000000087900000|100%|HC|  |TAMS 0x0000000087900000, 0x0000000087800000| Complete 
| 121|0x0000000087900000, 0x0000000087a00000, 0x0000000087a00000|100%|HS|  |TAMS 0x0000000087a00000, 0x0000000087900000| Complete 
| 122|0x0000000087a00000, 0x0000000087b00000, 0x0000000087b00000|100%|HC|  |TAMS 0x0000000087b00000, 0x0000000087a00000| Complete 
| 123|0x0000000087b00000, 0x0000000087c00000, 0x0000000087c00000|100%| O|  |TAMS 0x0000000087c00000, 0x0000000087b00000| Untracked 
| 124|0x0000000087c00000, 0x0000000087d00000, 0x0000000087d00000|100%| O|  |TAMS 0x0000000087d00000, 0x0000000087c00000| Untracked 
| 125|0x0000000087d00000, 0x0000000087e00000, 0x0000000087e00000|100%| O|  |TAMS 0x0000000087e00000, 0x0000000087d00000| Untracked 
| 126|0x0000000087e00000, 0x0000000087f00000, 0x0000000087f00000|100%| O|  |TAMS 0x0000000087f00000, 0x0000000087e00000| Untracked 
| 127|0x0000000087f00000, 0x0000000088000000, 0x0000000088000000|100%| O|  |TAMS 0x0000000088000000, 0x0000000087f00000| Untracked 
| 128|0x0000000088000000, 0x0000000088100000, 0x0000000088100000|100%| O|  |TAMS 0x0000000088100000, 0x0000000088000000| Untracked 
| 129|0x0000000088100000, 0x0000000088200000, 0x0000000088200000|100%| O|  |TAMS 0x0000000088200000, 0x0000000088100000| Untracked 
| 130|0x0000000088200000, 0x0000000088300000, 0x0000000088300000|100%| O|  |TAMS 0x0000000088300000, 0x0000000088200000| Untracked 
| 131|0x0000000088300000, 0x0000000088400000, 0x0000000088400000|100%| O|  |TAMS 0x0000000088400000, 0x0000000088300000| Untracked 
| 132|0x0000000088400000, 0x0000000088500000, 0x0000000088500000|100%| O|  |TAMS 0x0000000088500000, 0x0000000088400000| Untracked 
| 133|0x0000000088500000, 0x0000000088600000, 0x0000000088600000|100%| O|  |TAMS 0x0000000088600000, 0x0000000088500000| Untracked 
| 134|0x0000000088600000, 0x0000000088700000, 0x0000000088700000|100%| O|  |TAMS 0x0000000088700000, 0x0000000088600000| Untracked 
| 135|0x0000000088700000, 0x0000000088800000, 0x0000000088800000|100%|HS|  |TAMS 0x0000000088800000, 0x0000000088700000| Complete 
| 136|0x0000000088800000, 0x0000000088900000, 0x0000000088900000|100%| O|  |TAMS 0x0000000088900000, 0x0000000088800000| Untracked 
| 137|0x0000000088900000, 0x0000000088a00000, 0x0000000088a00000|100%|HS|  |TAMS 0x0000000088a00000, 0x0000000088900000| Complete 
| 138|0x0000000088a00000, 0x0000000088b00000, 0x0000000088b00000|100%|HS|  |TAMS 0x0000000088b00000, 0x0000000088a00000| Complete 
| 139|0x0000000088b00000, 0x0000000088c00000, 0x0000000088c00000|100%|HC|  |TAMS 0x0000000088c00000, 0x0000000088b00000| Complete 
| 140|0x0000000088c00000, 0x0000000088d00000, 0x0000000088d00000|100%|HC|  |TAMS 0x0000000088d00000, 0x0000000088c00000| Complete 
| 141|0x0000000088d00000, 0x0000000088e00000, 0x0000000088e00000|100%| O|  |TAMS 0x0000000088e00000, 0x0000000088d00000| Untracked 
| 142|0x0000000088e00000, 0x0000000088f00000, 0x0000000088f00000|100%| O|  |TAMS 0x0000000088f00000, 0x0000000088e00000| Untracked 
| 143|0x0000000088f00000, 0x0000000089000000, 0x0000000089000000|100%| O|  |TAMS 0x0000000089000000, 0x0000000088f00000| Untracked 
| 144|0x0000000089000000, 0x0000000089100000, 0x0000000089100000|100%| O|  |TAMS 0x0000000089100000, 0x0000000089000000| Untracked 
| 145|0x0000000089100000, 0x0000000089200000, 0x0000000089200000|100%| O|  |TAMS 0x0000000089200000, 0x0000000089100000| Untracked 
| 146|0x0000000089200000, 0x0000000089300000, 0x0000000089300000|100%| O|  |TAMS 0x0000000089300000, 0x0000000089200000| Untracked 
| 147|0x0000000089300000, 0x0000000089400000, 0x0000000089400000|100%| O|  |TAMS 0x0000000089400000, 0x0000000089300000| Untracked 
| 148|0x0000000089400000, 0x0000000089500000, 0x0000000089500000|100%| O|  |TAMS 0x0000000089500000, 0x0000000089400000| Untracked 
| 149|0x0000000089500000, 0x0000000089600000, 0x0000000089600000|100%|HS|  |TAMS 0x0000000089600000, 0x0000000089500000| Complete 
| 150|0x0000000089600000, 0x0000000089700000, 0x0000000089700000|100%|HC|  |TAMS 0x0000000089700000, 0x0000000089600000| Complete 
| 151|0x0000000089700000, 0x0000000089800000, 0x0000000089800000|100%|HS|  |TAMS 0x0000000089800000, 0x0000000089700000| Complete 
| 152|0x0000000089800000, 0x0000000089900000, 0x0000000089900000|100%|HC|  |TAMS 0x0000000089900000, 0x0000000089800000| Complete 
| 153|0x0000000089900000, 0x0000000089a00000, 0x0000000089a00000|100%|HC|  |TAMS 0x0000000089a00000, 0x0000000089900000| Complete 
| 154|0x0000000089a00000, 0x0000000089b00000, 0x0000000089b00000|100%|HC|  |TAMS 0x0000000089b00000, 0x0000000089a00000| Complete 
| 155|0x0000000089b00000, 0x0000000089c00000, 0x0000000089c00000|100%| O|  |TAMS 0x0000000089b00000, 0x0000000089b00000| Untracked 
| 156|0x0000000089c00000, 0x0000000089d00000, 0x0000000089d00000|100%| O|  |TAMS 0x0000000089c00000, 0x0000000089c00000| Untracked 
| 157|0x0000000089d00000, 0x0000000089e00000, 0x0000000089e00000|100%| O|  |TAMS 0x0000000089d00000, 0x0000000089d00000| Untracked 
| 158|0x0000000089e00000, 0x0000000089f00000, 0x0000000089f00000|100%|HS|  |TAMS 0x0000000089e00000, 0x0000000089e00000| Complete 
| 159|0x0000000089f00000, 0x000000008a000000, 0x000000008a000000|100%|HC|  |TAMS 0x0000000089f00000, 0x0000000089f00000| Complete 
| 160|0x000000008a000000, 0x000000008a100000, 0x000000008a100000|100%|HS|  |TAMS 0x000000008a000000, 0x000000008a000000| Complete 
| 161|0x000000008a100000, 0x000000008a200000, 0x000000008a200000|100%|HC|  |TAMS 0x000000008a100000, 0x000000008a100000| Complete 
| 162|0x000000008a200000, 0x000000008a300000, 0x000000008a300000|100%|HC|  |TAMS 0x000000008a200000, 0x000000008a200000| Complete 
| 163|0x000000008a300000, 0x000000008a400000, 0x000000008a400000|100%|HC|  |TAMS 0x000000008a300000, 0x000000008a300000| Complete 
| 164|0x000000008a400000, 0x000000008a500000, 0x000000008a500000|100%|HS|  |TAMS 0x000000008a400000, 0x000000008a400000| Complete 
| 165|0x000000008a500000, 0x000000008a600000, 0x000000008a600000|100%|HS|  |TAMS 0x000000008a500000, 0x000000008a500000| Complete 
| 166|0x000000008a600000, 0x000000008a700000, 0x000000008a700000|100%| O|  |TAMS 0x000000008a600000, 0x000000008a600000| Untracked 
| 167|0x000000008a700000, 0x000000008a800000, 0x000000008a800000|100%| O|  |TAMS 0x000000008a700000, 0x000000008a700000| Untracked 
| 168|0x000000008a800000, 0x000000008a900000, 0x000000008a900000|100%| O|  |TAMS 0x000000008a800000, 0x000000008a800000| Untracked 
| 169|0x000000008a900000, 0x000000008aa00000, 0x000000008aa00000|100%| O|  |TAMS 0x000000008a900000, 0x000000008a900000| Untracked 
| 170|0x000000008aa00000, 0x000000008ab00000, 0x000000008ab00000|100%| O|  |TAMS 0x000000008aa00000, 0x000000008aa00000| Untracked 
| 171|0x000000008ab00000, 0x000000008ac00000, 0x000000008ac00000|100%| O|  |TAMS 0x000000008ab00000, 0x000000008ab00000| Untracked 
| 172|0x000000008ac00000, 0x000000008ad00000, 0x000000008ad00000|100%| O|  |TAMS 0x000000008ac00000, 0x000000008ac00000| Untracked 
| 173|0x000000008ad00000, 0x000000008ae00000, 0x000000008ae00000|100%| O|  |TAMS 0x000000008ad00000, 0x000000008ad00000| Untracked 
| 174|0x000000008ae00000, 0x000000008af00000, 0x000000008af00000|100%| O|  |TAMS 0x000000008ae00000, 0x000000008ae00000| Untracked 
| 175|0x000000008af00000, 0x000000008b000000, 0x000000008b000000|100%| O|  |TAMS 0x000000008af00000, 0x000000008af00000| Untracked 
| 176|0x000000008b000000, 0x000000008b100000, 0x000000008b100000|100%| O|  |TAMS 0x000000008b000000, 0x000000008b000000| Untracked 
| 177|0x000000008b100000, 0x000000008b200000, 0x000000008b200000|100%| O|  |TAMS 0x000000008b100000, 0x000000008b100000| Untracked 
| 178|0x000000008b200000, 0x000000008b300000, 0x000000008b300000|100%| O|  |TAMS 0x000000008b200000, 0x000000008b200000| Untracked 
| 179|0x000000008b300000, 0x000000008b400000, 0x000000008b400000|100%| O|  |TAMS 0x000000008b300000, 0x000000008b300000| Untracked 
| 180|0x000000008b400000, 0x000000008b500000, 0x000000008b500000|100%| O|  |TAMS 0x000000008b400000, 0x000000008b400000| Untracked 
| 181|0x000000008b500000, 0x000000008b600000, 0x000000008b600000|100%| O|  |TAMS 0x000000008b500000, 0x000000008b500000| Untracked 
| 182|0x000000008b600000, 0x000000008b700000, 0x000000008b700000|100%| O|  |TAMS 0x000000008b600000, 0x000000008b600000| Untracked 
| 183|0x000000008b700000, 0x000000008b800000, 0x000000008b800000|100%| O|  |TAMS 0x000000008b700000, 0x000000008b700000| Untracked 
| 184|0x000000008b800000, 0x000000008b900000, 0x000000008b900000|100%| O|  |TAMS 0x000000008b800000, 0x000000008b800000| Untracked 
| 185|0x000000008b900000, 0x000000008ba00000, 0x000000008ba00000|100%| O|  |TAMS 0x000000008b900000, 0x000000008b900000| Untracked 
| 186|0x000000008ba00000, 0x000000008bb00000, 0x000000008bb00000|100%| O|  |TAMS 0x000000008ba00000, 0x000000008ba00000| Untracked 
| 187|0x000000008bb00000, 0x000000008bc00000, 0x000000008bc00000|100%| O|  |TAMS 0x000000008bb00000, 0x000000008bb00000| Untracked 
| 188|0x000000008bc00000, 0x000000008bd00000, 0x000000008bd00000|100%| O|  |TAMS 0x000000008bc00000, 0x000000008bc00000| Untracked 
| 189|0x000000008bd00000, 0x000000008be00000, 0x000000008be00000|100%| O|  |TAMS 0x000000008bd00000, 0x000000008bd00000| Untracked 
| 190|0x000000008be00000, 0x000000008bf00000, 0x000000008bf00000|100%| O|  |TAMS 0x000000008be00000, 0x000000008be00000| Untracked 
| 191|0x000000008bf00000, 0x000000008c000000, 0x000000008c000000|100%| O|  |TAMS 0x000000008bf00000, 0x000000008bf00000| Untracked 
| 192|0x000000008c000000, 0x000000008c100000, 0x000000008c100000|100%| O|  |TAMS 0x000000008c000000, 0x000000008c000000| Untracked 
| 193|0x000000008c100000, 0x000000008c200000, 0x000000008c200000|100%| O|  |TAMS 0x000000008c100000, 0x000000008c100000| Untracked 
| 194|0x000000008c200000, 0x000000008c300000, 0x000000008c300000|100%| O|  |TAMS 0x000000008c200000, 0x000000008c200000| Untracked 
| 195|0x000000008c300000, 0x000000008c400000, 0x000000008c400000|100%| O|  |TAMS 0x000000008c300000, 0x000000008c300000| Untracked 
| 196|0x000000008c400000, 0x000000008c500000, 0x000000008c500000|100%| O|  |TAMS 0x000000008c400000, 0x000000008c400000| Untracked 
| 197|0x000000008c500000, 0x000000008c600000, 0x000000008c600000|100%| O|  |TAMS 0x000000008c500000, 0x000000008c500000| Untracked 
| 198|0x000000008c600000, 0x000000008c700000, 0x000000008c700000|100%| O|  |TAMS 0x000000008c600000, 0x000000008c600000| Untracked 
| 199|0x000000008c700000, 0x000000008c800000, 0x000000008c800000|100%| O|  |TAMS 0x000000008c700000, 0x000000008c700000| Untracked 
| 200|0x000000008c800000, 0x000000008c900000, 0x000000008c900000|100%| O|  |TAMS 0x000000008c800000, 0x000000008c800000| Untracked 
| 201|0x000000008c900000, 0x000000008ca00000, 0x000000008ca00000|100%| O|  |TAMS 0x000000008c900000, 0x000000008c900000| Untracked 
| 202|0x000000008ca00000, 0x000000008cb00000, 0x000000008cb00000|100%| O|  |TAMS 0x000000008ca00000, 0x000000008ca00000| Untracked 
| 203|0x000000008cb00000, 0x000000008cc00000, 0x000000008cc00000|100%| O|  |TAMS 0x000000008cb00000, 0x000000008cb00000| Untracked 
| 204|0x000000008cc00000, 0x000000008cd00000, 0x000000008cd00000|100%| O|  |TAMS 0x000000008cc00000, 0x000000008cc00000| Untracked 
| 205|0x000000008cd00000, 0x000000008ce00000, 0x000000008ce00000|100%| O|  |TAMS 0x000000008cd00000, 0x000000008cd00000| Untracked 
| 206|0x000000008ce00000, 0x000000008cf00000, 0x000000008cf00000|100%| O|  |TAMS 0x000000008ce00000, 0x000000008ce00000| Untracked 
| 207|0x000000008cf00000, 0x000000008d000000, 0x000000008d000000|100%| O|  |TAMS 0x000000008cf00000, 0x000000008cf00000| Untracked 
| 208|0x000000008d000000, 0x000000008d100000, 0x000000008d100000|100%| O|  |TAMS 0x000000008d000000, 0x000000008d000000| Untracked 
| 209|0x000000008d100000, 0x000000008d200000, 0x000000008d200000|100%| O|  |TAMS 0x000000008d100000, 0x000000008d100000| Untracked 
| 210|0x000000008d200000, 0x000000008d300000, 0x000000008d300000|100%| O|  |TAMS 0x000000008d200000, 0x000000008d200000| Untracked 
| 211|0x000000008d300000, 0x000000008d400000, 0x000000008d400000|100%| O|  |TAMS 0x000000008d300000, 0x000000008d300000| Untracked 
| 212|0x000000008d400000, 0x000000008d500000, 0x000000008d500000|100%| O|  |TAMS 0x000000008d400000, 0x000000008d400000| Untracked 
| 213|0x000000008d500000, 0x000000008d600000, 0x000000008d600000|100%| O|  |TAMS 0x000000008d500000, 0x000000008d500000| Untracked 
| 214|0x000000008d600000, 0x000000008d700000, 0x000000008d700000|100%| O|  |TAMS 0x000000008d600000, 0x000000008d600000| Untracked 
| 215|0x000000008d700000, 0x000000008d800000, 0x000000008d800000|100%| O|  |TAMS 0x000000008d700000, 0x000000008d700000| Untracked 
| 216|0x000000008d800000, 0x000000008d900000, 0x000000008d900000|100%| O|  |TAMS 0x000000008d800000, 0x000000008d800000| Untracked 
| 217|0x000000008d900000, 0x000000008da00000, 0x000000008da00000|100%| O|  |TAMS 0x000000008d900000, 0x000000008d900000| Untracked 
| 218|0x000000008da00000, 0x000000008db00000, 0x000000008db00000|100%| O|  |TAMS 0x000000008da00000, 0x000000008da00000| Untracked 
| 219|0x000000008db00000, 0x000000008dc00000, 0x000000008dc00000|100%| O|  |TAMS 0x000000008db00000, 0x000000008db00000| Untracked 
| 220|0x000000008dc00000, 0x000000008dd00000, 0x000000008dd00000|100%| O|  |TAMS 0x000000008dc00000, 0x000000008dc00000| Untracked 
| 221|0x000000008dd00000, 0x000000008de00000, 0x000000008de00000|100%| O|  |TAMS 0x000000008dd00000, 0x000000008dd00000| Untracked 
| 222|0x000000008de00000, 0x000000008df00000, 0x000000008df00000|100%| O|  |TAMS 0x000000008de00000, 0x000000008de00000| Untracked 
| 223|0x000000008df00000, 0x000000008e000000, 0x000000008e000000|100%| O|  |TAMS 0x000000008df00000, 0x000000008df00000| Untracked 
| 224|0x000000008e000000, 0x000000008e100000, 0x000000008e100000|100%| O|  |TAMS 0x000000008e000000, 0x000000008e000000| Untracked 
| 225|0x000000008e100000, 0x000000008e200000, 0x000000008e200000|100%| O|  |TAMS 0x000000008e100000, 0x000000008e100000| Untracked 
| 226|0x000000008e200000, 0x000000008e300000, 0x000000008e300000|100%| O|  |TAMS 0x000000008e200000, 0x000000008e200000| Untracked 
| 227|0x000000008e300000, 0x000000008e400000, 0x000000008e400000|100%| O|  |TAMS 0x000000008e300000, 0x000000008e300000| Untracked 
| 228|0x000000008e400000, 0x000000008e500000, 0x000000008e500000|100%| O|  |TAMS 0x000000008e400000, 0x000000008e400000| Untracked 
| 229|0x000000008e500000, 0x000000008e580000, 0x000000008e600000| 50%| O|  |TAMS 0x000000008e500000, 0x000000008e500000| Untracked 
| 230|0x000000008e600000, 0x000000008e600000, 0x000000008e700000|  0%| F|  |TAMS 0x000000008e600000, 0x000000008e600000| Untracked 
| 231|0x000000008e700000, 0x000000008e700000, 0x000000008e800000|  0%| F|  |TAMS 0x000000008e700000, 0x000000008e700000| Untracked 
| 232|0x000000008e800000, 0x000000008e800000, 0x000000008e900000|  0%| F|  |TAMS 0x000000008e800000, 0x000000008e800000| Untracked 
| 233|0x000000008e900000, 0x000000008e900000, 0x000000008ea00000|  0%| F|  |TAMS 0x000000008e900000, 0x000000008e900000| Untracked 
| 234|0x000000008ea00000, 0x000000008ea00000, 0x000000008eb00000|  0%| F|  |TAMS 0x000000008ea00000, 0x000000008ea00000| Untracked 
| 235|0x000000008eb00000, 0x000000008eb00000, 0x000000008ec00000|  0%| F|  |TAMS 0x000000008eb00000, 0x000000008eb00000| Untracked 
| 236|0x000000008ec00000, 0x000000008ec00000, 0x000000008ed00000|  0%| F|  |TAMS 0x000000008ec00000, 0x000000008ec00000| Untracked 
| 237|0x000000008ed00000, 0x000000008ed00000, 0x000000008ee00000|  0%| F|  |TAMS 0x000000008ed00000, 0x000000008ed00000| Untracked 
| 238|0x000000008ee00000, 0x000000008ee00000, 0x000000008ef00000|  0%| F|  |TAMS 0x000000008ee00000, 0x000000008ee00000| Untracked 
| 239|0x000000008ef00000, 0x000000008ef00000, 0x000000008f000000|  0%| F|  |TAMS 0x000000008ef00000, 0x000000008ef00000| Untracked 
| 240|0x000000008f000000, 0x000000008f000000, 0x000000008f100000|  0%| F|  |TAMS 0x000000008f000000, 0x000000008f000000| Untracked 
| 241|0x000000008f100000, 0x000000008f100000, 0x000000008f200000|  0%| F|  |TAMS 0x000000008f100000, 0x000000008f100000| Untracked 
| 242|0x000000008f200000, 0x000000008f200000, 0x000000008f300000|  0%| F|  |TAMS 0x000000008f200000, 0x000000008f200000| Untracked 
| 243|0x000000008f300000, 0x000000008f300000, 0x000000008f400000|  0%| F|  |TAMS 0x000000008f300000, 0x000000008f300000| Untracked 
| 244|0x000000008f400000, 0x000000008f400000, 0x000000008f500000|  0%| F|  |TAMS 0x000000008f400000, 0x000000008f400000| Untracked 
| 245|0x000000008f500000, 0x000000008f500000, 0x000000008f600000|  0%| F|  |TAMS 0x000000008f500000, 0x000000008f500000| Untracked 
| 246|0x000000008f600000, 0x000000008f600000, 0x000000008f700000|  0%| F|  |TAMS 0x000000008f600000, 0x000000008f600000| Untracked 
| 247|0x000000008f700000, 0x000000008f700000, 0x000000008f800000|  0%| F|  |TAMS 0x000000008f700000, 0x000000008f700000| Untracked 
| 248|0x000000008f800000, 0x000000008f800000, 0x000000008f900000|  0%| F|  |TAMS 0x000000008f800000, 0x000000008f800000| Untracked 
| 249|0x000000008f900000, 0x000000008f900000, 0x000000008fa00000|  0%| F|  |TAMS 0x000000008f900000, 0x000000008f900000| Untracked 
| 250|0x000000008fa00000, 0x000000008fa00000, 0x000000008fb00000|  0%| F|  |TAMS 0x000000008fa00000, 0x000000008fa00000| Untracked 
| 251|0x000000008fb00000, 0x000000008fb00000, 0x000000008fc00000|  0%| F|  |TAMS 0x000000008fb00000, 0x000000008fb00000| Untracked 
| 252|0x000000008fc00000, 0x000000008fc00000, 0x000000008fd00000|  0%| F|  |TAMS 0x000000008fc00000, 0x000000008fc00000| Untracked 
| 253|0x000000008fd00000, 0x000000008fd00000, 0x000000008fe00000|  0%| F|  |TAMS 0x000000008fd00000, 0x000000008fd00000| Untracked 
| 254|0x000000008fe00000, 0x000000008fe00000, 0x000000008ff00000|  0%| F|  |TAMS 0x000000008fe00000, 0x000000008fe00000| Untracked 
| 255|0x000000008ff00000, 0x000000008ff00000, 0x0000000090000000|  0%| F|  |TAMS 0x000000008ff00000, 0x000000008ff00000| Untracked 
| 256|0x0000000090000000, 0x0000000090000000, 0x0000000090100000|  0%| F|  |TAMS 0x0000000090000000, 0x0000000090000000| Untracked 
| 257|0x0000000090100000, 0x0000000090100000, 0x0000000090200000|  0%| F|  |TAMS 0x0000000090100000, 0x0000000090100000| Untracked 
| 258|0x0000000090200000, 0x0000000090200000, 0x0000000090300000|  0%| F|  |TAMS 0x0000000090200000, 0x0000000090200000| Untracked 
| 259|0x0000000090300000, 0x0000000090300000, 0x0000000090400000|  0%| F|  |TAMS 0x0000000090300000, 0x0000000090300000| Untracked 
| 260|0x0000000090400000, 0x0000000090400000, 0x0000000090500000|  0%| F|  |TAMS 0x0000000090400000, 0x0000000090400000| Untracked 
| 261|0x0000000090500000, 0x0000000090500000, 0x0000000090600000|  0%| F|  |TAMS 0x0000000090500000, 0x0000000090500000| Untracked 
| 262|0x0000000090600000, 0x0000000090600000, 0x0000000090700000|  0%| F|  |TAMS 0x0000000090600000, 0x0000000090600000| Untracked 
| 263|0x0000000090700000, 0x0000000090700000, 0x0000000090800000|  0%| F|  |TAMS 0x0000000090700000, 0x0000000090700000| Untracked 
| 264|0x0000000090800000, 0x0000000090800000, 0x0000000090900000|  0%| F|  |TAMS 0x0000000090800000, 0x0000000090800000| Untracked 
| 265|0x0000000090900000, 0x0000000090900000, 0x0000000090a00000|  0%| F|  |TAMS 0x0000000090900000, 0x0000000090900000| Untracked 
| 266|0x0000000090a00000, 0x0000000090a00000, 0x0000000090b00000|  0%| F|  |TAMS 0x0000000090a00000, 0x0000000090a00000| Untracked 
| 267|0x0000000090b00000, 0x0000000090b00000, 0x0000000090c00000|  0%| F|  |TAMS 0x0000000090b00000, 0x0000000090b00000| Untracked 
| 268|0x0000000090c00000, 0x0000000090c00000, 0x0000000090d00000|  0%| F|  |TAMS 0x0000000090c00000, 0x0000000090c00000| Untracked 
| 269|0x0000000090d00000, 0x0000000090d00000, 0x0000000090e00000|  0%| F|  |TAMS 0x0000000090d00000, 0x0000000090d00000| Untracked 
| 270|0x0000000090e00000, 0x0000000090e00000, 0x0000000090f00000|  0%| F|  |TAMS 0x0000000090e00000, 0x0000000090e00000| Untracked 
| 271|0x0000000090f00000, 0x0000000090f00000, 0x0000000091000000|  0%| F|  |TAMS 0x0000000090f00000, 0x0000000090f00000| Untracked 
| 272|0x0000000091000000, 0x0000000091000000, 0x0000000091100000|  0%| F|  |TAMS 0x0000000091000000, 0x0000000091000000| Untracked 
| 273|0x0000000091100000, 0x0000000091100000, 0x0000000091200000|  0%| F|  |TAMS 0x0000000091100000, 0x0000000091100000| Untracked 
| 274|0x0000000091200000, 0x0000000091200000, 0x0000000091300000|  0%| F|  |TAMS 0x0000000091200000, 0x0000000091200000| Untracked 
| 275|0x0000000091300000, 0x0000000091300000, 0x0000000091400000|  0%| F|  |TAMS 0x0000000091300000, 0x0000000091300000| Untracked 
| 276|0x0000000091400000, 0x0000000091400000, 0x0000000091500000|  0%| F|  |TAMS 0x0000000091400000, 0x0000000091400000| Untracked 
| 277|0x0000000091500000, 0x0000000091500000, 0x0000000091600000|  0%| F|  |TAMS 0x0000000091500000, 0x0000000091500000| Untracked 
| 278|0x0000000091600000, 0x0000000091600000, 0x0000000091700000|  0%| F|  |TAMS 0x0000000091600000, 0x0000000091600000| Untracked 
| 279|0x0000000091700000, 0x0000000091700000, 0x0000000091800000|  0%| F|  |TAMS 0x0000000091700000, 0x0000000091700000| Untracked 
| 280|0x0000000091800000, 0x0000000091800000, 0x0000000091900000|  0%| F|  |TAMS 0x0000000091800000, 0x0000000091800000| Untracked 
| 281|0x0000000091900000, 0x0000000091900000, 0x0000000091a00000|  0%| F|  |TAMS 0x0000000091900000, 0x0000000091900000| Untracked 
| 282|0x0000000091a00000, 0x0000000091a00000, 0x0000000091b00000|  0%| F|  |TAMS 0x0000000091a00000, 0x0000000091a00000| Untracked 
| 283|0x0000000091b00000, 0x0000000091b00000, 0x0000000091c00000|  0%| F|  |TAMS 0x0000000091b00000, 0x0000000091b00000| Untracked 
| 284|0x0000000091c00000, 0x0000000091c00000, 0x0000000091d00000|  0%| F|  |TAMS 0x0000000091c00000, 0x0000000091c00000| Untracked 
| 285|0x0000000091d00000, 0x0000000091d00000, 0x0000000091e00000|  0%| F|  |TAMS 0x0000000091d00000, 0x0000000091d00000| Untracked 
| 286|0x0000000091e00000, 0x0000000091e00000, 0x0000000091f00000|  0%| F|  |TAMS 0x0000000091e00000, 0x0000000091e00000| Untracked 
| 287|0x0000000091f00000, 0x0000000091f00000, 0x0000000092000000|  0%| F|  |TAMS 0x0000000091f00000, 0x0000000091f00000| Untracked 
| 288|0x0000000092000000, 0x0000000092000000, 0x0000000092100000|  0%| F|  |TAMS 0x0000000092000000, 0x0000000092000000| Untracked 
| 289|0x0000000092100000, 0x0000000092100000, 0x0000000092200000|  0%| F|  |TAMS 0x0000000092100000, 0x0000000092100000| Untracked 
| 290|0x0000000092200000, 0x0000000092200000, 0x0000000092300000|  0%| F|  |TAMS 0x0000000092200000, 0x0000000092200000| Untracked 
| 291|0x0000000092300000, 0x0000000092300000, 0x0000000092400000|  0%| F|  |TAMS 0x0000000092300000, 0x0000000092300000| Untracked 
| 292|0x0000000092400000, 0x0000000092400000, 0x0000000092500000|  0%| F|  |TAMS 0x0000000092400000, 0x0000000092400000| Untracked 
| 293|0x0000000092500000, 0x0000000092500000, 0x0000000092600000|  0%| F|  |TAMS 0x0000000092500000, 0x0000000092500000| Untracked 
| 294|0x0000000092600000, 0x0000000092600000, 0x0000000092700000|  0%| F|  |TAMS 0x0000000092600000, 0x0000000092600000| Untracked 
| 295|0x0000000092700000, 0x0000000092700000, 0x0000000092800000|  0%| F|  |TAMS 0x0000000092700000, 0x0000000092700000| Untracked 
| 296|0x0000000092800000, 0x0000000092800000, 0x0000000092900000|  0%| F|  |TAMS 0x0000000092800000, 0x0000000092800000| Untracked 
| 297|0x0000000092900000, 0x0000000092900000, 0x0000000092a00000|  0%| F|  |TAMS 0x0000000092900000, 0x0000000092900000| Untracked 
| 298|0x0000000092a00000, 0x0000000092a00000, 0x0000000092b00000|  0%| F|  |TAMS 0x0000000092a00000, 0x0000000092a00000| Untracked 
| 299|0x0000000092b00000, 0x0000000092b00000, 0x0000000092c00000|  0%| F|  |TAMS 0x0000000092b00000, 0x0000000092b00000| Untracked 
| 300|0x0000000092c00000, 0x0000000092c00000, 0x0000000092d00000|  0%| F|  |TAMS 0x0000000092c00000, 0x0000000092c00000| Untracked 
| 301|0x0000000092d00000, 0x0000000092d00000, 0x0000000092e00000|  0%| F|  |TAMS 0x0000000092d00000, 0x0000000092d00000| Untracked 
| 302|0x0000000092e00000, 0x0000000092e00000, 0x0000000092f00000|  0%| F|  |TAMS 0x0000000092e00000, 0x0000000092e00000| Untracked 
| 303|0x0000000092f00000, 0x0000000092f00000, 0x0000000093000000|  0%| F|  |TAMS 0x0000000092f00000, 0x0000000092f00000| Untracked 
| 304|0x0000000093000000, 0x0000000093000000, 0x0000000093100000|  0%| F|  |TAMS 0x0000000093000000, 0x0000000093000000| Untracked 
| 305|0x0000000093100000, 0x0000000093100000, 0x0000000093200000|  0%| F|  |TAMS 0x0000000093100000, 0x0000000093100000| Untracked 
| 306|0x0000000093200000, 0x0000000093200000, 0x0000000093300000|  0%| F|  |TAMS 0x0000000093200000, 0x0000000093200000| Untracked 
| 307|0x0000000093300000, 0x0000000093300000, 0x0000000093400000|  0%| F|  |TAMS 0x0000000093300000, 0x0000000093300000| Untracked 
| 308|0x0000000093400000, 0x0000000093400000, 0x0000000093500000|  0%| F|  |TAMS 0x0000000093400000, 0x0000000093400000| Untracked 
| 309|0x0000000093500000, 0x0000000093500000, 0x0000000093600000|  0%| F|  |TAMS 0x0000000093500000, 0x0000000093500000| Untracked 
| 310|0x0000000093600000, 0x0000000093600000, 0x0000000093700000|  0%| F|  |TAMS 0x0000000093600000, 0x0000000093600000| Untracked 
| 311|0x0000000093700000, 0x0000000093700000, 0x0000000093800000|  0%| F|  |TAMS 0x0000000093700000, 0x0000000093700000| Untracked 
| 312|0x0000000093800000, 0x0000000093800000, 0x0000000093900000|  0%| F|  |TAMS 0x0000000093800000, 0x0000000093800000| Untracked 
| 313|0x0000000093900000, 0x0000000093900000, 0x0000000093a00000|  0%| F|  |TAMS 0x0000000093900000, 0x0000000093900000| Untracked 
| 314|0x0000000093a00000, 0x0000000093a00000, 0x0000000093b00000|  0%| F|  |TAMS 0x0000000093a00000, 0x0000000093a00000| Untracked 
| 315|0x0000000093b00000, 0x0000000093b00000, 0x0000000093c00000|  0%| F|  |TAMS 0x0000000093b00000, 0x0000000093b00000| Untracked 
| 316|0x0000000093c00000, 0x0000000093c00000, 0x0000000093d00000|  0%| F|  |TAMS 0x0000000093c00000, 0x0000000093c00000| Untracked 
| 317|0x0000000093d00000, 0x0000000093d00000, 0x0000000093e00000|  0%| F|  |TAMS 0x0000000093d00000, 0x0000000093d00000| Untracked 
| 318|0x0000000093e00000, 0x0000000093e00000, 0x0000000093f00000|  0%| F|  |TAMS 0x0000000093e00000, 0x0000000093e00000| Untracked 
| 319|0x0000000093f00000, 0x0000000093f00000, 0x0000000094000000|  0%| F|  |TAMS 0x0000000093f00000, 0x0000000093f00000| Untracked 
| 320|0x0000000094000000, 0x0000000094000000, 0x0000000094100000|  0%| F|  |TAMS 0x0000000094000000, 0x0000000094000000| Untracked 
| 321|0x0000000094100000, 0x0000000094100000, 0x0000000094200000|  0%| F|  |TAMS 0x0000000094100000, 0x0000000094100000| Untracked 
| 322|0x0000000094200000, 0x0000000094200000, 0x0000000094300000|  0%| F|  |TAMS 0x0000000094200000, 0x0000000094200000| Untracked 
| 323|0x0000000094300000, 0x0000000094300000, 0x0000000094400000|  0%| F|  |TAMS 0x0000000094300000, 0x0000000094300000| Untracked 
| 324|0x0000000094400000, 0x0000000094400000, 0x0000000094500000|  0%| F|  |TAMS 0x0000000094400000, 0x0000000094400000| Untracked 
| 325|0x0000000094500000, 0x0000000094500000, 0x0000000094600000|  0%| F|  |TAMS 0x0000000094500000, 0x0000000094500000| Untracked 
| 326|0x0000000094600000, 0x0000000094600000, 0x0000000094700000|  0%| F|  |TAMS 0x0000000094600000, 0x0000000094600000| Untracked 
| 327|0x0000000094700000, 0x0000000094700000, 0x0000000094800000|  0%| F|  |TAMS 0x0000000094700000, 0x0000000094700000| Untracked 
| 328|0x0000000094800000, 0x0000000094800000, 0x0000000094900000|  0%| F|  |TAMS 0x0000000094800000, 0x0000000094800000| Untracked 
| 329|0x0000000094900000, 0x0000000094900000, 0x0000000094a00000|  0%| F|  |TAMS 0x0000000094900000, 0x0000000094900000| Untracked 
| 330|0x0000000094a00000, 0x0000000094a00000, 0x0000000094b00000|  0%| F|  |TAMS 0x0000000094a00000, 0x0000000094a00000| Untracked 
| 331|0x0000000094b00000, 0x0000000094b00000, 0x0000000094c00000|  0%| F|  |TAMS 0x0000000094b00000, 0x0000000094b00000| Untracked 
| 332|0x0000000094c00000, 0x0000000094c00000, 0x0000000094d00000|  0%| F|  |TAMS 0x0000000094c00000, 0x0000000094c00000| Untracked 
| 333|0x0000000094d00000, 0x0000000094d00000, 0x0000000094e00000|  0%| F|  |TAMS 0x0000000094d00000, 0x0000000094d00000| Untracked 
| 334|0x0000000094e00000, 0x0000000094e00000, 0x0000000094f00000|  0%| F|  |TAMS 0x0000000094e00000, 0x0000000094e00000| Untracked 
| 335|0x0000000094f00000, 0x0000000094f00000, 0x0000000095000000|  0%| F|  |TAMS 0x0000000094f00000, 0x0000000094f00000| Untracked 
| 336|0x0000000095000000, 0x0000000095000000, 0x0000000095100000|  0%| F|  |TAMS 0x0000000095000000, 0x0000000095000000| Untracked 
| 337|0x0000000095100000, 0x0000000095100000, 0x0000000095200000|  0%| F|  |TAMS 0x0000000095100000, 0x0000000095100000| Untracked 
| 338|0x0000000095200000, 0x0000000095200000, 0x0000000095300000|  0%| F|  |TAMS 0x0000000095200000, 0x0000000095200000| Untracked 
| 339|0x0000000095300000, 0x0000000095380000, 0x0000000095400000| 50%| S|CS|TAMS 0x0000000095300000, 0x0000000095300000| Complete 
| 340|0x0000000095400000, 0x0000000095500000, 0x0000000095500000|100%| S|CS|TAMS 0x0000000095400000, 0x0000000095400000| Complete 
| 341|0x0000000095500000, 0x0000000095600000, 0x0000000095600000|100%| S|CS|TAMS 0x0000000095500000, 0x0000000095500000| Complete 
| 342|0x0000000095600000, 0x0000000095600000, 0x0000000095700000|  0%| F|  |TAMS 0x0000000095600000, 0x0000000095600000| Untracked 
| 343|0x0000000095700000, 0x0000000095700000, 0x0000000095800000|  0%| F|  |TAMS 0x0000000095700000, 0x0000000095700000| Untracked 
| 344|0x0000000095800000, 0x0000000095800000, 0x0000000095900000|  0%| F|  |TAMS 0x0000000095800000, 0x0000000095800000| Untracked 
| 345|0x0000000095900000, 0x0000000095900000, 0x0000000095a00000|  0%| F|  |TAMS 0x0000000095900000, 0x0000000095900000| Untracked 
| 346|0x0000000095a00000, 0x0000000095b00000, 0x0000000095b00000|100%| S|CS|TAMS 0x0000000095a00000, 0x0000000095a00000| Complete 
| 347|0x0000000095b00000, 0x0000000095c00000, 0x0000000095c00000|100%| S|CS|TAMS 0x0000000095b00000, 0x0000000095b00000| Complete 
| 348|0x0000000095c00000, 0x0000000095d00000, 0x0000000095d00000|100%| S|CS|TAMS 0x0000000095c00000, 0x0000000095c00000| Complete 
| 349|0x0000000095d00000, 0x0000000095e00000, 0x0000000095e00000|100%| S|CS|TAMS 0x0000000095d00000, 0x0000000095d00000| Complete 
| 350|0x0000000095e00000, 0x0000000095f00000, 0x0000000095f00000|100%| S|CS|TAMS 0x0000000095e00000, 0x0000000095e00000| Complete 
| 351|0x0000000095f00000, 0x0000000096000000, 0x0000000096000000|100%| S|CS|TAMS 0x0000000095f00000, 0x0000000095f00000| Complete 
| 352|0x0000000096000000, 0x0000000096000000, 0x0000000096100000|  0%| F|  |TAMS 0x0000000096000000, 0x0000000096000000| Untracked 
| 353|0x0000000096100000, 0x0000000096100000, 0x0000000096200000|  0%| F|  |TAMS 0x0000000096100000, 0x0000000096100000| Untracked 
| 354|0x0000000096200000, 0x0000000096200000, 0x0000000096300000|  0%| F|  |TAMS 0x0000000096200000, 0x0000000096200000| Untracked 
| 355|0x0000000096300000, 0x0000000096300000, 0x0000000096400000|  0%| F|  |TAMS 0x0000000096300000, 0x0000000096300000| Untracked 
| 356|0x0000000096400000, 0x0000000096400000, 0x0000000096500000|  0%| F|  |TAMS 0x0000000096400000, 0x0000000096400000| Untracked 
| 357|0x0000000096500000, 0x0000000096500000, 0x0000000096600000|  0%| F|  |TAMS 0x0000000096500000, 0x0000000096500000| Untracked 
| 358|0x0000000096600000, 0x0000000096600000, 0x0000000096700000|  0%| F|  |TAMS 0x0000000096600000, 0x0000000096600000| Untracked 
| 359|0x0000000096700000, 0x0000000096700000, 0x0000000096800000|  0%| F|  |TAMS 0x0000000096700000, 0x0000000096700000| Untracked 
| 360|0x0000000096800000, 0x0000000096800000, 0x0000000096900000|  0%| F|  |TAMS 0x0000000096800000, 0x0000000096800000| Untracked 
| 361|0x0000000096900000, 0x0000000096900000, 0x0000000096a00000|  0%| F|  |TAMS 0x0000000096900000, 0x0000000096900000| Untracked 
| 362|0x0000000096a00000, 0x0000000096a00000, 0x0000000096b00000|  0%| F|  |TAMS 0x0000000096a00000, 0x0000000096a00000| Untracked 
| 363|0x0000000096b00000, 0x0000000096b00000, 0x0000000096c00000|  0%| F|  |TAMS 0x0000000096b00000, 0x0000000096b00000| Untracked 
| 364|0x0000000096c00000, 0x0000000096c00000, 0x0000000096d00000|  0%| F|  |TAMS 0x0000000096c00000, 0x0000000096c00000| Untracked 
| 365|0x0000000096d00000, 0x0000000096d00000, 0x0000000096e00000|  0%| F|  |TAMS 0x0000000096d00000, 0x0000000096d00000| Untracked 
| 366|0x0000000096e00000, 0x0000000096e00000, 0x0000000096f00000|  0%| F|  |TAMS 0x0000000096e00000, 0x0000000096e00000| Untracked 
| 367|0x0000000096f00000, 0x0000000096f00000, 0x0000000097000000|  0%| F|  |TAMS 0x0000000096f00000, 0x0000000096f00000| Untracked 
| 368|0x0000000097000000, 0x0000000097000000, 0x0000000097100000|  0%| F|  |TAMS 0x0000000097000000, 0x0000000097000000| Untracked 
| 369|0x0000000097100000, 0x0000000097100000, 0x0000000097200000|  0%| F|  |TAMS 0x0000000097100000, 0x0000000097100000| Untracked 
| 370|0x0000000097200000, 0x0000000097200000, 0x0000000097300000|  0%| F|  |TAMS 0x0000000097200000, 0x0000000097200000| Untracked 
| 371|0x0000000097300000, 0x0000000097300000, 0x0000000097400000|  0%| F|  |TAMS 0x0000000097300000, 0x0000000097300000| Untracked 
| 372|0x0000000097400000, 0x0000000097400000, 0x0000000097500000|  0%| F|  |TAMS 0x0000000097400000, 0x0000000097400000| Untracked 
| 373|0x0000000097500000, 0x0000000097500000, 0x0000000097600000|  0%| F|  |TAMS 0x0000000097500000, 0x0000000097500000| Untracked 
| 374|0x0000000097600000, 0x0000000097600000, 0x0000000097700000|  0%| F|  |TAMS 0x0000000097600000, 0x0000000097600000| Untracked 
| 375|0x0000000097700000, 0x0000000097700000, 0x0000000097800000|  0%| F|  |TAMS 0x0000000097700000, 0x0000000097700000| Untracked 
| 376|0x0000000097800000, 0x0000000097800000, 0x0000000097900000|  0%| F|  |TAMS 0x0000000097800000, 0x0000000097800000| Untracked 
| 377|0x0000000097900000, 0x0000000097900000, 0x0000000097a00000|  0%| F|  |TAMS 0x0000000097900000, 0x0000000097900000| Untracked 
| 378|0x0000000097a00000, 0x0000000097a00000, 0x0000000097b00000|  0%| F|  |TAMS 0x0000000097a00000, 0x0000000097a00000| Untracked 
| 379|0x0000000097b00000, 0x0000000097b00000, 0x0000000097c00000|  0%| F|  |TAMS 0x0000000097b00000, 0x0000000097b00000| Untracked 
| 380|0x0000000097c00000, 0x0000000097c00000, 0x0000000097d00000|  0%| F|  |TAMS 0x0000000097c00000, 0x0000000097c00000| Untracked 
| 381|0x0000000097d00000, 0x0000000097d00000, 0x0000000097e00000|  0%| F|  |TAMS 0x0000000097d00000, 0x0000000097d00000| Untracked 
| 382|0x0000000097e00000, 0x0000000097e00000, 0x0000000097f00000|  0%| F|  |TAMS 0x0000000097e00000, 0x0000000097e00000| Untracked 
| 383|0x0000000097f00000, 0x0000000097f00000, 0x0000000098000000|  0%| F|  |TAMS 0x0000000097f00000, 0x0000000097f00000| Untracked 
| 384|0x0000000098000000, 0x0000000098000000, 0x0000000098100000|  0%| F|  |TAMS 0x0000000098000000, 0x0000000098000000| Untracked 
| 385|0x0000000098100000, 0x0000000098100000, 0x0000000098200000|  0%| F|  |TAMS 0x0000000098100000, 0x0000000098100000| Untracked 
| 386|0x0000000098200000, 0x0000000098200000, 0x0000000098300000|  0%| F|  |TAMS 0x0000000098200000, 0x0000000098200000| Untracked 
| 387|0x0000000098300000, 0x0000000098300000, 0x0000000098400000|  0%| F|  |TAMS 0x0000000098300000, 0x0000000098300000| Untracked 
| 388|0x0000000098400000, 0x0000000098400000, 0x0000000098500000|  0%| F|  |TAMS 0x0000000098400000, 0x0000000098400000| Untracked 
| 389|0x0000000098500000, 0x0000000098500000, 0x0000000098600000|  0%| F|  |TAMS 0x0000000098500000, 0x0000000098500000| Untracked 
| 390|0x0000000098600000, 0x0000000098600000, 0x0000000098700000|  0%| F|  |TAMS 0x0000000098600000, 0x0000000098600000| Untracked 
| 391|0x0000000098700000, 0x0000000098700000, 0x0000000098800000|  0%| F|  |TAMS 0x0000000098700000, 0x0000000098700000| Untracked 
| 392|0x0000000098800000, 0x0000000098800000, 0x0000000098900000|  0%| F|  |TAMS 0x0000000098800000, 0x0000000098800000| Untracked 
| 393|0x0000000098900000, 0x0000000098900000, 0x0000000098a00000|  0%| F|  |TAMS 0x0000000098900000, 0x0000000098900000| Untracked 
| 394|0x0000000098a00000, 0x0000000098a00000, 0x0000000098b00000|  0%| F|  |TAMS 0x0000000098a00000, 0x0000000098a00000| Untracked 
| 395|0x0000000098b00000, 0x0000000098b00000, 0x0000000098c00000|  0%| F|  |TAMS 0x0000000098b00000, 0x0000000098b00000| Untracked 
| 396|0x0000000098c00000, 0x0000000098c00000, 0x0000000098d00000|  0%| F|  |TAMS 0x0000000098c00000, 0x0000000098c00000| Untracked 
| 397|0x0000000098d00000, 0x0000000098d00000, 0x0000000098e00000|  0%| F|  |TAMS 0x0000000098d00000, 0x0000000098d00000| Untracked 
| 398|0x0000000098e00000, 0x0000000098e00000, 0x0000000098f00000|  0%| F|  |TAMS 0x0000000098e00000, 0x0000000098e00000| Untracked 
| 399|0x0000000098f00000, 0x0000000098f00000, 0x0000000099000000|  0%| F|  |TAMS 0x0000000098f00000, 0x0000000098f00000| Untracked 
| 400|0x0000000099000000, 0x0000000099000000, 0x0000000099100000|  0%| F|  |TAMS 0x0000000099000000, 0x0000000099000000| Untracked 
| 401|0x0000000099100000, 0x0000000099100000, 0x0000000099200000|  0%| F|  |TAMS 0x0000000099100000, 0x0000000099100000| Untracked 
| 402|0x0000000099200000, 0x0000000099200000, 0x0000000099300000|  0%| F|  |TAMS 0x0000000099200000, 0x0000000099200000| Untracked 
| 403|0x0000000099300000, 0x0000000099300000, 0x0000000099400000|  0%| F|  |TAMS 0x0000000099300000, 0x0000000099300000| Untracked 
| 404|0x0000000099400000, 0x0000000099474060, 0x0000000099500000| 45%| E|  |TAMS 0x0000000099400000, 0x0000000099400000| Complete 
| 405|0x0000000099500000, 0x0000000099600000, 0x0000000099600000|100%| E|CS|TAMS 0x0000000099500000, 0x0000000099500000| Complete 
| 406|0x0000000099600000, 0x0000000099700000, 0x0000000099700000|100%| E|CS|TAMS 0x0000000099600000, 0x0000000099600000| Complete 
| 407|0x0000000099700000, 0x0000000099800000, 0x0000000099800000|100%| E|CS|TAMS 0x0000000099700000, 0x0000000099700000| Complete 
| 408|0x0000000099800000, 0x0000000099900000, 0x0000000099900000|100%| E|CS|TAMS 0x0000000099800000, 0x0000000099800000| Complete 
| 409|0x0000000099900000, 0x0000000099a00000, 0x0000000099a00000|100%| E|CS|TAMS 0x0000000099900000, 0x0000000099900000| Complete 
| 410|0x0000000099a00000, 0x0000000099b00000, 0x0000000099b00000|100%| E|CS|TAMS 0x0000000099a00000, 0x0000000099a00000| Complete 
| 411|0x0000000099b00000, 0x0000000099c00000, 0x0000000099c00000|100%| E|CS|TAMS 0x0000000099b00000, 0x0000000099b00000| Complete 
| 412|0x0000000099c00000, 0x0000000099d00000, 0x0000000099d00000|100%| E|CS|TAMS 0x0000000099c00000, 0x0000000099c00000| Complete 
| 413|0x0000000099d00000, 0x0000000099e00000, 0x0000000099e00000|100%| E|CS|TAMS 0x0000000099d00000, 0x0000000099d00000| Complete 
| 414|0x0000000099e00000, 0x0000000099f00000, 0x0000000099f00000|100%| E|CS|TAMS 0x0000000099e00000, 0x0000000099e00000| Complete 
| 415|0x0000000099f00000, 0x000000009a000000, 0x000000009a000000|100%| E|CS|TAMS 0x0000000099f00000, 0x0000000099f00000| Complete 
| 416|0x000000009a000000, 0x000000009a100000, 0x000000009a100000|100%| E|CS|TAMS 0x000000009a000000, 0x000000009a000000| Complete 
| 417|0x000000009a100000, 0x000000009a200000, 0x000000009a200000|100%| E|CS|TAMS 0x000000009a100000, 0x000000009a100000| Complete 
| 418|0x000000009a200000, 0x000000009a300000, 0x000000009a300000|100%| E|CS|TAMS 0x000000009a200000, 0x000000009a200000| Complete 
| 419|0x000000009a300000, 0x000000009a400000, 0x000000009a400000|100%| E|CS|TAMS 0x000000009a300000, 0x000000009a300000| Complete 
| 420|0x000000009a400000, 0x000000009a500000, 0x000000009a500000|100%| E|CS|TAMS 0x000000009a400000, 0x000000009a400000| Complete 
| 421|0x000000009a500000, 0x000000009a600000, 0x000000009a600000|100%| E|CS|TAMS 0x000000009a500000, 0x000000009a500000| Complete 
| 422|0x000000009a600000, 0x000000009a700000, 0x000000009a700000|100%| E|CS|TAMS 0x000000009a600000, 0x000000009a600000| Complete 
| 423|0x000000009a700000, 0x000000009a800000, 0x000000009a800000|100%| E|CS|TAMS 0x000000009a700000, 0x000000009a700000| Complete 
| 424|0x000000009a800000, 0x000000009a900000, 0x000000009a900000|100%| E|CS|TAMS 0x000000009a800000, 0x000000009a800000| Complete 
| 425|0x000000009a900000, 0x000000009aa00000, 0x000000009aa00000|100%| E|CS|TAMS 0x000000009a900000, 0x000000009a900000| Complete 
| 426|0x000000009aa00000, 0x000000009ab00000, 0x000000009ab00000|100%| E|CS|TAMS 0x000000009aa00000, 0x000000009aa00000| Complete 
| 427|0x000000009ab00000, 0x000000009ac00000, 0x000000009ac00000|100%| E|CS|TAMS 0x000000009ab00000, 0x000000009ab00000| Complete 
| 428|0x000000009ac00000, 0x000000009ad00000, 0x000000009ad00000|100%| E|CS|TAMS 0x000000009ac00000, 0x000000009ac00000| Complete 
| 429|0x000000009ad00000, 0x000000009ae00000, 0x000000009ae00000|100%| E|CS|TAMS 0x000000009ad00000, 0x000000009ad00000| Complete 
| 430|0x000000009ae00000, 0x000000009af00000, 0x000000009af00000|100%| E|CS|TAMS 0x000000009ae00000, 0x000000009ae00000| Complete 
| 431|0x000000009af00000, 0x000000009b000000, 0x000000009b000000|100%| E|CS|TAMS 0x000000009af00000, 0x000000009af00000| Complete 
| 432|0x000000009b000000, 0x000000009b100000, 0x000000009b100000|100%| E|CS|TAMS 0x000000009b000000, 0x000000009b000000| Complete 
| 433|0x000000009b100000, 0x000000009b200000, 0x000000009b200000|100%| E|CS|TAMS 0x000000009b100000, 0x000000009b100000| Complete 
| 434|0x000000009b200000, 0x000000009b300000, 0x000000009b300000|100%| E|CS|TAMS 0x000000009b200000, 0x000000009b200000| Complete 
| 435|0x000000009b300000, 0x000000009b400000, 0x000000009b400000|100%| E|CS|TAMS 0x000000009b300000, 0x000000009b300000| Complete 
| 436|0x000000009b400000, 0x000000009b500000, 0x000000009b500000|100%| E|CS|TAMS 0x000000009b400000, 0x000000009b400000| Complete 
| 437|0x000000009b500000, 0x000000009b600000, 0x000000009b600000|100%| E|CS|TAMS 0x000000009b500000, 0x000000009b500000| Complete 
| 438|0x000000009b600000, 0x000000009b700000, 0x000000009b700000|100%| E|CS|TAMS 0x000000009b600000, 0x000000009b600000| Complete 
| 439|0x000000009b700000, 0x000000009b800000, 0x000000009b800000|100%| E|  |TAMS 0x000000009b700000, 0x000000009b700000| Complete 
| 440|0x000000009b800000, 0x000000009b900000, 0x000000009b900000|100%| E|CS|TAMS 0x000000009b800000, 0x000000009b800000| Complete 
| 441|0x000000009b900000, 0x000000009ba00000, 0x000000009ba00000|100%| E|CS|TAMS 0x000000009b900000, 0x000000009b900000| Complete 
| 442|0x000000009ba00000, 0x000000009bb00000, 0x000000009bb00000|100%| E|CS|TAMS 0x000000009ba00000, 0x000000009ba00000| Complete 
| 443|0x000000009bb00000, 0x000000009bc00000, 0x000000009bc00000|100%| E|CS|TAMS 0x000000009bb00000, 0x000000009bb00000| Complete 
| 444|0x000000009bc00000, 0x000000009bd00000, 0x000000009bd00000|100%| E|CS|TAMS 0x000000009bc00000, 0x000000009bc00000| Complete 
| 445|0x000000009bd00000, 0x000000009be00000, 0x000000009be00000|100%| E|CS|TAMS 0x000000009bd00000, 0x000000009bd00000| Complete 
| 446|0x000000009be00000, 0x000000009bf00000, 0x000000009bf00000|100%| E|CS|TAMS 0x000000009be00000, 0x000000009be00000| Complete 
| 447|0x000000009bf00000, 0x000000009c000000, 0x000000009c000000|100%| E|CS|TAMS 0x000000009bf00000, 0x000000009bf00000| Complete 
| 448|0x000000009c000000, 0x000000009c100000, 0x000000009c100000|100%| E|CS|TAMS 0x000000009c000000, 0x000000009c000000| Complete 
| 449|0x000000009c100000, 0x000000009c200000, 0x000000009c200000|100%| E|CS|TAMS 0x000000009c100000, 0x000000009c100000| Complete 
| 450|0x000000009c200000, 0x000000009c300000, 0x000000009c300000|100%| E|CS|TAMS 0x000000009c200000, 0x000000009c200000| Complete 
| 451|0x000000009c300000, 0x000000009c400000, 0x000000009c400000|100%| E|CS|TAMS 0x000000009c300000, 0x000000009c300000| Complete 
| 452|0x000000009c400000, 0x000000009c500000, 0x000000009c500000|100%| E|CS|TAMS 0x000000009c400000, 0x000000009c400000| Complete 
| 453|0x000000009c500000, 0x000000009c600000, 0x000000009c600000|100%| E|CS|TAMS 0x000000009c500000, 0x000000009c500000| Complete 
| 454|0x000000009c600000, 0x000000009c700000, 0x000000009c700000|100%| E|CS|TAMS 0x000000009c600000, 0x000000009c600000| Complete 
| 455|0x000000009c700000, 0x000000009c800000, 0x000000009c800000|100%| E|CS|TAMS 0x000000009c700000, 0x000000009c700000| Complete 
| 456|0x000000009c800000, 0x000000009c900000, 0x000000009c900000|100%| E|CS|TAMS 0x000000009c800000, 0x000000009c800000| Complete 
| 457|0x000000009c900000, 0x000000009ca00000, 0x000000009ca00000|100%| E|CS|TAMS 0x000000009c900000, 0x000000009c900000| Complete 
| 458|0x000000009ca00000, 0x000000009cb00000, 0x000000009cb00000|100%| E|CS|TAMS 0x000000009ca00000, 0x000000009ca00000| Complete 
| 459|0x000000009cb00000, 0x000000009cc00000, 0x000000009cc00000|100%| E|CS|TAMS 0x000000009cb00000, 0x000000009cb00000| Complete 
| 460|0x000000009cc00000, 0x000000009cd00000, 0x000000009cd00000|100%| E|CS|TAMS 0x000000009cc00000, 0x000000009cc00000| Complete 
| 461|0x000000009cd00000, 0x000000009ce00000, 0x000000009ce00000|100%| E|CS|TAMS 0x000000009cd00000, 0x000000009cd00000| Complete 

Card table byte_map: [0x0000018bcae80000,0x0000018bcb280000] _byte_map_base: 0x0000018bcaa80000

Marking Bits (Prev, Next): (CMBitMap*) 0x0000018bb3fdf030, (CMBitMap*) 0x0000018bb3fdf070
 Prev Bits: [0x0000018bcb680000, 0x0000018bcd680000)
 Next Bits: [0x0000018bcd680000, 0x0000018bcf680000)

Polling page: 0x0000018bb1f50000

Metaspace:

Usage:
  Non-class:     88.87 MB used.
      Class:     14.14 MB used.
       Both:    103.02 MB used.

Virtual space:
  Non-class space:      128.00 MB reserved,      89.62 MB ( 70%) committed,  2 nodes.
      Class space:      416.00 MB reserved,      14.81 MB (  4%) committed,  1 nodes.
             Both:      544.00 MB reserved,     104.44 MB ( 19%) committed. 

Chunk freelists:
   Non-Class:  5.98 MB
       Class:  1.12 MB
        Both:  7.11 MB

MaxMetaspaceSize: 512.00 MB
CompressedClassSpaceSize: 416.00 MB
Initial GC threshold: 21.00 MB
Current GC threshold: 147.50 MB
CDS: on
MetaspaceReclaimPolicy: balanced
 - commit_granule_bytes: 65536.
 - commit_granule_words: 8192.
 - virtual_space_node_default_size: 8388608.
 - enlarge_chunks_in_place: 1.
 - new_chunks_are_fully_committed: 0.
 - uncommit_free_chunks: 1.
 - use_allocation_guard: 0.
 - handle_deallocations: 1.


Internal statistics:

num_allocs_failed_limit: 6.
num_arena_births: 1570.
num_arena_deaths: 0.
num_vsnodes_births: 3.
num_vsnodes_deaths: 0.
num_space_committed: 1671.
num_space_uncommitted: 0.
num_chunks_returned_to_freelist: 6.
num_chunks_taken_from_freelist: 6305.
num_chunk_merges: 6.
num_chunk_splits: 4065.
num_chunks_enlarged: 2532.
num_inconsistent_stats: 0.

CodeHeap 'non-profiled nmethods': size=120000Kb used=9533Kb max_used=9533Kb free=110466Kb
 bounds [0x0000018bc3550000, 0x0000018bc3ea0000, 0x0000018bcaa80000]
CodeHeap 'profiled nmethods': size=120000Kb used=27692Kb max_used=27692Kb free=92307Kb
 bounds [0x0000018bbba80000, 0x0000018bbd590000, 0x0000018bc2fb0000]
CodeHeap 'non-nmethods': size=5760Kb used=2406Kb max_used=2506Kb free=3353Kb
 bounds [0x0000018bc2fb0000, 0x0000018bc3240000, 0x0000018bc3550000]
 total_blobs=15313 nmethods=14371 adapters=851
 compilation: enabled
              stopped_count=0, restarted_count=0
 full_count=0

Compilation events (20 events):
Event: 56.189 Thread 0x0000018bd1ba8b40 nmethod 16603 0x0000018bc3e8d890 code [0x0000018bc3e8da20, 0x0000018bc3e8db18]
Event: 56.189 Thread 0x0000018bd1ba8b40 16596       4       java.util.ArrayDeque::spliterator (9 bytes)
Event: 56.190 Thread 0x0000018bd1ba8b40 nmethod 16596 0x0000018bc3e8dc10 code [0x0000018bc3e8dda0, 0x0000018bc3e8de98]
Event: 56.190 Thread 0x0000018bd1ba8b40 16604       4       java.util.ArrayDeque$DeqSpliterator::estimateSize (21 bytes)
Event: 56.191 Thread 0x0000018bd1ba8b40 nmethod 16604 0x0000018bc3e8df90 code [0x0000018bc3e8e100, 0x0000018bc3e8e1d8]
Event: 56.191 Thread 0x0000018bd1ba8b40 16606       4       java.util.ArrayDeque::iterator (9 bytes)
Event: 56.192 Thread 0x0000018bd1ba8b40 nmethod 16606 0x0000018bc3e8e310 code [0x0000018bc3e8e4a0, 0x0000018bc3e8e5d8]
Event: 56.192 Thread 0x0000018bd1ba8b40 16605       4       com.google.common.cache.LocalCache$Segment::newEntry (18 bytes)
Event: 56.197 Thread 0x0000018bd1ba8b40 nmethod 16605 0x0000018bc3e8e710 code [0x0000018bc3e8e8c0, 0x0000018bc3e8ef38]
Event: 56.197 Thread 0x0000018bd1ba8b40 16607       4       org.gradle.cache.internal.CacheAccessWorker$1::call (10 bytes)
Event: 56.213 Thread 0x0000018bf4139060 nmethod 16600 0x0000018bc3e8f110 code [0x0000018bc3e8f3a0, 0x0000018bc3e91ce8]
Event: 56.213 Thread 0x0000018bf4139060 16610       4       org.gradle.internal.io.StreamByteBuffer$StreamByteBufferInputStream::readImpl (150 bytes)
Event: 56.221 Thread 0x0000018bf4139060 nmethod 16610 0x0000018bc3e93390 code [0x0000018bc3e93520, 0x0000018bc3e93b78]
Event: 56.221 Thread 0x0000018bf4139060 16609       4       com.google.common.collect.ImmutableSortedMap::get (27 bytes)
Event: 56.223 Thread 0x0000018bf4139060 nmethod 16609 0x0000018bc3e94010 code [0x0000018bc3e941c0, 0x0000018bc3e943c8]
Event: 56.223 Thread 0x0000018bf4139060 16612       4       org.gradle.internal.io.StreamByteBuffer$StreamByteBufferInputStream::read (8 bytes)
Event: 56.232 Thread 0x0000018bf4139060 nmethod 16612 0x0000018bc3e94610 code [0x0000018bc3e947a0, 0x0000018bc3e94df8]
Event: 56.232 Thread 0x0000018bf4139060 16611       4       org.gradle.internal.io.StreamByteBuffer$StreamByteBufferChunk::read (25 bytes)
Event: 56.233 Thread 0x0000018bf4139060 nmethod 16611 0x0000018bc3e95290 code [0x0000018bc3e95400, 0x0000018bc3e95558]
Event: 56.233 Thread 0x0000018bf4139060 16613   !   4       org.gradle.cache.internal.DefaultMultiProcessSafePersistentIndexedCache::getIfPresent (25 bytes)

GC Heap History (20 events):
Event: 47.605 GC heap before
{Heap before GC invocations=41 (full 0):
 garbage-first heap   total 217088K, used 141951K [0x0000000080000000, 0x0000000100000000)
  region size 1024K, 10 young (10240K), 5 survivors (5120K)
 Metaspace       used 84697K, committed 85696K, reserved 557056K
  class space    used 11826K, committed 12288K, reserved 425984K
}
Event: 47.609 GC heap after
{Heap after GC invocations=42 (full 0):
 garbage-first heap   total 217088K, used 138352K [0x0000000080000000, 0x0000000100000000)
  region size 1024K, 2 young (2048K), 2 survivors (2048K)
 Metaspace       used 84697K, committed 85696K, reserved 557056K
  class space    used 11826K, committed 12288K, reserved 425984K
}
Event: 47.792 GC heap before
{Heap before GC invocations=42 (full 0):
 garbage-first heap   total 217088K, used 151664K [0x0000000080000000, 0x0000000100000000)
  region size 1024K, 17 young (17408K), 2 survivors (2048K)
 Metaspace       used 84854K, committed 85888K, reserved 557056K
  class space    used 11839K, committed 12288K, reserved 425984K
}
Event: 47.796 GC heap after
{Heap after GC invocations=43 (full 0):
 garbage-first heap   total 217088K, used 139233K [0x0000000080000000, 0x0000000100000000)
  region size 1024K, 3 young (3072K), 3 survivors (3072K)
 Metaspace       used 84854K, committed 85888K, reserved 557056K
  class space    used 11839K, committed 12288K, reserved 425984K
}
Event: 48.439 GC heap before
{Heap before GC invocations=44 (full 0):
 garbage-first heap   total 252928K, used 182241K [0x0000000080000000, 0x0000000100000000)
  region size 1024K, 38 young (38912K), 3 survivors (3072K)
 Metaspace       used 86371K, committed 87424K, reserved 557056K
  class space    used 12031K, committed 12480K, reserved 425984K
}
Event: 48.446 GC heap after
{Heap after GC invocations=45 (full 0):
 garbage-first heap   total 252928K, used 152225K [0x0000000080000000, 0x0000000100000000)
  region size 1024K, 5 young (5120K), 5 survivors (5120K)
 Metaspace       used 86371K, committed 87424K, reserved 557056K
  class space    used 12031K, committed 12480K, reserved 425984K
}
Event: 48.535 GC heap before
{Heap before GC invocations=45 (full 0):
 garbage-first heap   total 252928K, used 159393K [0x0000000080000000, 0x0000000100000000)
  region size 1024K, 12 young (12288K), 5 survivors (5120K)
 Metaspace       used 86712K, committed 87744K, reserved 557056K
  class space    used 12081K, committed 12544K, reserved 425984K
}
Event: 48.539 GC heap after
{Heap after GC invocations=46 (full 0):
 garbage-first heap   total 252928K, used 153115K [0x0000000080000000, 0x0000000100000000)
  region size 1024K, 2 young (2048K), 2 survivors (2048K)
 Metaspace       used 86712K, committed 87744K, reserved 557056K
  class space    used 12081K, committed 12544K, reserved 425984K
}
Event: 49.250 GC heap before
{Heap before GC invocations=46 (full 0):
 garbage-first heap   total 252928K, used 202267K [0x0000000080000000, 0x0000000100000000)
  region size 1024K, 44 young (45056K), 2 survivors (2048K)
 Metaspace       used 88914K, committed 89984K, reserved 557056K
  class space    used 12362K, committed 12864K, reserved 425984K
}
Event: 49.258 GC heap after
{Heap after GC invocations=47 (full 0):
 garbage-first heap   total 473088K, used 167496K [0x0000000080000000, 0x0000000100000000)
  region size 1024K, 6 young (6144K), 6 survivors (6144K)
 Metaspace       used 88914K, committed 89984K, reserved 557056K
  class space    used 12362K, committed 12864K, reserved 425984K
}
Event: 51.353 GC heap before
{Heap before GC invocations=48 (full 0):
 garbage-first heap   total 473088K, used 300616K [0x0000000080000000, 0x0000000100000000)
  region size 1024K, 128 young (131072K), 6 survivors (6144K)
 Metaspace       used 93985K, committed 95168K, reserved 557056K
  class space    used 13040K, committed 13568K, reserved 425984K
}
Event: 51.371 GC heap after
{Heap after GC invocations=49 (full 0):
 garbage-first heap   total 473088K, used 197131K [0x0000000080000000, 0x0000000100000000)
  region size 1024K, 16 young (16384K), 16 survivors (16384K)
 Metaspace       used 93985K, committed 95168K, reserved 557056K
  class space    used 13040K, committed 13568K, reserved 425984K
}
Event: 51.459 GC heap before
{Heap before GC invocations=49 (full 0):
 garbage-first heap   total 473088K, used 204299K [0x0000000080000000, 0x0000000100000000)
  region size 1024K, 23 young (23552K), 16 survivors (16384K)
 Metaspace       used 94599K, committed 95872K, reserved 557056K
  class space    used 13130K, committed 13696K, reserved 425984K
}
Event: 51.472 GC heap after
{Heap after GC invocations=50 (full 0):
 garbage-first heap   total 473088K, used 198481K [0x0000000080000000, 0x0000000100000000)
  region size 1024K, 2 young (2048K), 2 survivors (2048K)
 Metaspace       used 94599K, committed 95872K, reserved 557056K
  class space    used 13130K, committed 13696K, reserved 425984K
}
Event: 52.972 GC heap before
{Heap before GC invocations=50 (full 0):
 garbage-first heap   total 473088K, used 319313K [0x0000000080000000, 0x0000000100000000)
  region size 1024K, 120 young (122880K), 2 survivors (2048K)
 Metaspace       used 100572K, committed 101760K, reserved 557056K
  class space    used 13915K, committed 14464K, reserved 425984K
}
Event: 52.988 GC heap after
{Heap after GC invocations=51 (full 0):
 garbage-first heap   total 473088K, used 216576K [0x0000000080000000, 0x0000000100000000)
  region size 1024K, 15 young (15360K), 15 survivors (15360K)
 Metaspace       used 100572K, committed 101760K, reserved 557056K
  class space    used 13915K, committed 14464K, reserved 425984K
}
Event: 54.035 GC heap before
{Heap before GC invocations=51 (full 0):
 garbage-first heap   total 473088K, used 335360K [0x0000000080000000, 0x0000000100000000)
  region size 1024K, 131 young (134144K), 15 survivors (15360K)
 Metaspace       used 104238K, committed 105536K, reserved 557056K
  class space    used 14359K, committed 14976K, reserved 425984K
}
Event: 54.063 GC heap after
{Heap after GC invocations=52 (full 0):
 garbage-first heap   total 473088K, used 234766K [0x0000000080000000, 0x0000000100000000)
  region size 1024K, 17 young (17408K), 17 survivors (17408K)
 Metaspace       used 104238K, committed 105536K, reserved 557056K
  class space    used 14359K, committed 14976K, reserved 425984K
}
Event: 55.899 GC heap before
{Heap before GC invocations=52 (full 0):
 garbage-first heap   total 473088K, used 346382K [0x0000000080000000, 0x0000000100000000)
  region size 1024K, 127 young (130048K), 17 survivors (17408K)
 Metaspace       used 105465K, committed 106880K, reserved 557056K
  class space    used 14482K, committed 15168K, reserved 425984K
}
Event: 55.922 GC heap after
{Heap after GC invocations=53 (full 0):
 garbage-first heap   total 473088K, used 243712K [0x0000000080000000, 0x0000000100000000)
  region size 1024K, 9 young (9216K), 9 survivors (9216K)
 Metaspace       used 105465K, committed 106880K, reserved 557056K
  class space    used 14482K, committed 15168K, reserved 425984K
}

Dll operation events (12 events):
Event: 0.007 Loaded shared library C:\Program Files\Microsoft\jdk-17.0.8.7-hotspot\bin\java.dll
Event: 0.026 Loaded shared library C:\Program Files\Microsoft\jdk-17.0.8.7-hotspot\bin\jsvml.dll
Event: 0.057 Loaded shared library C:\Program Files\Microsoft\jdk-17.0.8.7-hotspot\bin\net.dll
Event: 0.059 Loaded shared library C:\Program Files\Microsoft\jdk-17.0.8.7-hotspot\bin\nio.dll
Event: 0.062 Loaded shared library C:\Program Files\Microsoft\jdk-17.0.8.7-hotspot\bin\zip.dll
Event: 0.263 Loaded shared library C:\Program Files\Microsoft\jdk-17.0.8.7-hotspot\bin\jimage.dll
Event: 0.322 Loaded shared library C:\Program Files\Microsoft\jdk-17.0.8.7-hotspot\bin\verify.dll
Event: 0.485 Loaded shared library C:\Users\pc\.gradle\native\68d5fa5c4cc2d200863cafc0d521ce42e7d3e7ee720ec0a83991735586a16f82\windows-amd64\native-platform.dll
Event: 0.497 Loaded shared library C:\Users\pc\.gradle\native\e376f236ea51e6404a007f0833ffe2c6e607c4080706a723a18a27aeea778392\windows-amd64\native-platform-file-events.dll
Event: 1.510 Loaded shared library C:\Program Files\Microsoft\jdk-17.0.8.7-hotspot\bin\management.dll
Event: 1.512 Loaded shared library C:\Program Files\Microsoft\jdk-17.0.8.7-hotspot\bin\management_ext.dll
Event: 1.931 Loaded shared library C:\Program Files\Microsoft\jdk-17.0.8.7-hotspot\bin\sunmscapi.dll

Deoptimization events (20 events):
Event: 55.636 Thread 0x0000018bf2e8e580 DEOPT PACKING pc=0x0000018bc3b6d95c sp=0x0000003c63cfe6f0
Event: 55.636 Thread 0x0000018bf2e8e580 DEOPT UNPACKING pc=0x0000018bc30069a3 sp=0x0000003c63cfe608 mode 2
Event: 55.845 Thread 0x0000018bf4bdcdf0 Uncommon trap: trap_request=0xffffffbe fr.pc=0x0000018bc3e56edc relative=0x000000000000181c
Event: 55.845 Thread 0x0000018bf4bdcdf0 Uncommon trap: reason=profile_predicate action=maybe_recompile pc=0x0000018bc3e56edc method=org.gradle.internal.file.FileHierarchySet$Node.contains(Ljava/lang/String;I)Z @ 69 c2
Event: 55.845 Thread 0x0000018bf4bdcdf0 DEOPT PACKING pc=0x0000018bc3e56edc sp=0x0000003c653fc410
Event: 55.845 Thread 0x0000018bf4bdcdf0 DEOPT UNPACKING pc=0x0000018bc30069a3 sp=0x0000003c653fc3e0 mode 2
Event: 55.845 Thread 0x0000018bf4bdcdf0 Uncommon trap: trap_request=0xffffffbe fr.pc=0x0000018bc3e56edc relative=0x000000000000181c
Event: 55.845 Thread 0x0000018bf4bdcdf0 Uncommon trap: reason=profile_predicate action=maybe_recompile pc=0x0000018bc3e56edc method=org.gradle.internal.file.FileHierarchySet$Node.contains(Ljava/lang/String;I)Z @ 69 c2
Event: 55.845 Thread 0x0000018bf4bdcdf0 DEOPT PACKING pc=0x0000018bc3e56edc sp=0x0000003c653fc410
Event: 55.845 Thread 0x0000018bf4bdcdf0 DEOPT UNPACKING pc=0x0000018bc30069a3 sp=0x0000003c653fc3e0 mode 2
Event: 55.846 Thread 0x0000018bf4bdcdf0 Uncommon trap: trap_request=0xffffffbe fr.pc=0x0000018bc3e56edc relative=0x000000000000181c
Event: 55.846 Thread 0x0000018bf4bdcdf0 Uncommon trap: reason=profile_predicate action=maybe_recompile pc=0x0000018bc3e56edc method=org.gradle.internal.file.FileHierarchySet$Node.contains(Ljava/lang/String;I)Z @ 69 c2
Event: 55.846 Thread 0x0000018bf4bdcdf0 DEOPT PACKING pc=0x0000018bc3e56edc sp=0x0000003c653fc410
Event: 55.846 Thread 0x0000018bf4bdcdf0 DEOPT UNPACKING pc=0x0000018bc30069a3 sp=0x0000003c653fc3e0 mode 2
Event: 55.846 Thread 0x0000018bf4bdcdf0 Uncommon trap: trap_request=0xffffffbe fr.pc=0x0000018bc3e56edc relative=0x000000000000181c
Event: 55.846 Thread 0x0000018bf4bdcdf0 Uncommon trap: reason=profile_predicate action=maybe_recompile pc=0x0000018bc3e56edc method=org.gradle.internal.file.FileHierarchySet$Node.contains(Ljava/lang/String;I)Z @ 69 c2
Event: 55.846 Thread 0x0000018bf4bdcdf0 DEOPT PACKING pc=0x0000018bc3e56edc sp=0x0000003c653fc410
Event: 55.846 Thread 0x0000018bf4bdcdf0 DEOPT UNPACKING pc=0x0000018bc30069a3 sp=0x0000003c653fc3e0 mode 2
Event: 55.880 Thread 0x0000018bf4bdec50 DEOPT PACKING pc=0x0000018bbd45e341 sp=0x0000003c654fe400
Event: 55.880 Thread 0x0000018bf4bdec50 DEOPT UNPACKING pc=0x0000018bc3007143 sp=0x0000003c654fd910 mode 0

Classes unloaded (0 events):
No events

Classes redefined (0 events):
No events

Internal exceptions (20 events):
Event: 55.428 Thread 0x0000018bf38f77d0 Exception <a 'sun/nio/fs/WindowsException'{0x00000000981368b8}> (0x00000000981368b8) 
thrown [s\src\hotspot\share\prims\jni.cpp, line 516]
Event: 55.430 Thread 0x0000018bf38f77d0 Exception <a 'sun/nio/fs/WindowsException'{0x00000000981481a8}> (0x00000000981481a8) 
thrown [s\src\hotspot\share\prims\jni.cpp, line 516]
Event: 55.430 Thread 0x0000018bf38f77d0 Exception <a 'sun/nio/fs/WindowsException'{0x000000009814a5b0}> (0x000000009814a5b0) 
thrown [s\src\hotspot\share\prims\jni.cpp, line 516]
Event: 55.433 Thread 0x0000018bf38f77d0 Exception <a 'sun/nio/fs/WindowsException'{0x000000009815bed8}> (0x000000009815bed8) 
thrown [s\src\hotspot\share\prims\jni.cpp, line 516]
Event: 55.433 Thread 0x0000018bf38f77d0 Exception <a 'sun/nio/fs/WindowsException'{0x000000009815e380}> (0x000000009815e380) 
thrown [s\src\hotspot\share\prims\jni.cpp, line 516]
Event: 55.435 Thread 0x0000018bf38f77d0 Exception <a 'sun/nio/fs/WindowsException'{0x000000009816fee8}> (0x000000009816fee8) 
thrown [s\src\hotspot\share\prims\jni.cpp, line 516]
Event: 55.435 Thread 0x0000018bf38f77d0 Exception <a 'sun/nio/fs/WindowsException'{0x00000000981722f0}> (0x00000000981722f0) 
thrown [s\src\hotspot\share\prims\jni.cpp, line 516]
Event: 55.437 Thread 0x0000018bf38f77d0 Exception <a 'sun/nio/fs/WindowsException'{0x0000000098183b40}> (0x0000000098183b40) 
thrown [s\src\hotspot\share\prims\jni.cpp, line 516]
Event: 55.437 Thread 0x0000018bf38f77d0 Exception <a 'sun/nio/fs/WindowsException'{0x0000000098185fa8}> (0x0000000098185fa8) 
thrown [s\src\hotspot\share\prims\jni.cpp, line 516]
Event: 55.439 Thread 0x0000018bf38f77d0 Exception <a 'sun/nio/fs/WindowsException'{0x0000000098197718}> (0x0000000098197718) 
thrown [s\src\hotspot\share\prims\jni.cpp, line 516]
Event: 55.439 Thread 0x0000018bf38f77d0 Exception <a 'sun/nio/fs/WindowsException'{0x0000000098199b08}> (0x0000000098199b08) 
thrown [s\src\hotspot\share\prims\jni.cpp, line 516]
Event: 55.441 Thread 0x0000018bf38f77d0 Exception <a 'sun/nio/fs/WindowsException'{0x00000000981aba20}> (0x00000000981aba20) 
thrown [s\src\hotspot\share\prims\jni.cpp, line 516]
Event: 55.441 Thread 0x0000018bf38f77d0 Exception <a 'sun/nio/fs/WindowsException'{0x00000000981ae1b0}> (0x00000000981ae1b0) 
thrown [s\src\hotspot\share\prims\jni.cpp, line 516]
Event: 55.443 Thread 0x0000018bf38f77d0 Exception <a 'sun/nio/fs/WindowsException'{0x00000000981bfd80}> (0x00000000981bfd80) 
thrown [s\src\hotspot\share\prims\jni.cpp, line 516]
Event: 55.443 Thread 0x0000018bf38f77d0 Exception <a 'sun/nio/fs/WindowsException'{0x00000000981c20b8}> (0x00000000981c20b8) 
thrown [s\src\hotspot\share\prims\jni.cpp, line 516]
Event: 55.445 Thread 0x0000018bf38f77d0 Exception <a 'sun/nio/fs/WindowsException'{0x00000000981d6c08}> (0x00000000981d6c08) 
thrown [s\src\hotspot\share\prims\jni.cpp, line 516]
Event: 55.446 Thread 0x0000018bf38f77d0 Exception <a 'sun/nio/fs/WindowsException'{0x00000000981d8ef0}> (0x00000000981d8ef0) 
thrown [s\src\hotspot\share\prims\jni.cpp, line 516]
Event: 55.446 Thread 0x0000018bf38f77d0 Exception <a 'sun/nio/fs/WindowsException'{0x00000000981db220}> (0x00000000981db220) 
thrown [s\src\hotspot\share\prims\jni.cpp, line 516]
Event: 55.446 Thread 0x0000018bf38f77d0 Exception <a 'sun/nio/fs/WindowsException'{0x00000000981dd870}> (0x00000000981dd870) 
thrown [s\src\hotspot\share\prims\jni.cpp, line 516]
Event: 55.464 Thread 0x0000018bf38f77d0 Exception <a 'java/lang/NoSuchMethodError'{0x0000000098068038}: static Lcom/android/build/api/variant/BuildConfigField;.<clinit>()V> (0x0000000098068038) 
thrown [s\src\hotspot\share\prims\jni.cpp, line 1107]

VM Operations (20 events):
Event: 54.128 Executing VM operation: HandshakeAllThreads
Event: 54.128 Executing VM operation: HandshakeAllThreads done
Event: 54.278 Executing VM operation: ICBufferFull
Event: 54.278 Executing VM operation: ICBufferFull done
Event: 54.586 Executing VM operation: ICBufferFull
Event: 54.586 Executing VM operation: ICBufferFull done
Event: 55.121 Executing VM operation: ICBufferFull
Event: 55.122 Executing VM operation: ICBufferFull done
Event: 55.309 Executing VM operation: HandshakeAllThreads
Event: 55.310 Executing VM operation: HandshakeAllThreads done
Event: 55.313 Executing VM operation: HandshakeAllThreads
Event: 55.313 Executing VM operation: HandshakeAllThreads done
Event: 55.453 Executing VM operation: ICBufferFull
Event: 55.453 Executing VM operation: ICBufferFull done
Event: 55.899 Executing VM operation: G1CollectForAllocation
Event: 55.922 Executing VM operation: G1CollectForAllocation done
Event: 56.016 Executing VM operation: HandshakeAllThreads
Event: 56.017 Executing VM operation: HandshakeAllThreads done
Event: 56.032 Executing VM operation: ICBufferFull
Event: 56.033 Executing VM operation: ICBufferFull done

Events (20 events):
Event: 55.463 loading class java/io/ClassCache$CacheRef done
Event: 55.463 loading class java/io/ObjectStreamClass$FieldReflectorKey
Event: 55.463 loading class java/io/ObjectStreamClass$FieldReflectorKey done
Event: 55.463 loading class java/io/ObjectStreamClass$FieldReflector
Event: 55.464 loading class java/io/ObjectStreamClass$FieldReflector done
Event: 55.464 loading class java/io/ObjectStreamClass$1
Event: 55.464 loading class java/io/ObjectStreamClass$1 done
Event: 55.464 loading class java/io/ObjectStreamClass$MemberSignature
Event: 55.464 loading class java/io/ObjectStreamClass$MemberSignature done
Event: 55.464 loading class java/io/ObjectStreamClass$3
Event: 55.464 loading class java/io/ObjectStreamClass$3 done
Event: 55.464 loading class java/io/ObjectStreamClass$4
Event: 55.465 loading class java/io/ObjectStreamClass$4 done
Event: 55.465 loading class java/io/ObjectStreamClass$5
Event: 55.465 loading class java/io/ObjectStreamClass$5 done
Event: 55.465 loading class java/io/ObjectStreamClass$ClassDataSlot
Event: 55.465 loading class java/io/ObjectStreamClass$ClassDataSlot done
Event: 55.465 loading class jdk/internal/reflect/UnsafeQualifiedStaticLongFieldAccessorImpl
Event: 55.465 loading class jdk/internal/reflect/UnsafeQualifiedStaticLongFieldAccessorImpl done
Event: 56.024 Thread 0x0000018bd1bb1e20 flushing nmethod 0x0000018bbbfef110


Dynamic libraries:
0x00007ff6ad040000 - 0x00007ff6ad04e000 	C:\Program Files\Microsoft\jdk-17.0.8.7-hotspot\bin\java.exe
0x00007ffb13f30000 - 0x00007ffb14128000 	C:\Windows\SYSTEM32\ntdll.dll
0x00007ffb12260000 - 0x00007ffb1231d000 	C:\Windows\System32\KERNEL32.DLL
0x00007ffb11670000 - 0x00007ffb11966000 	C:\Windows\System32\KERNELBASE.dll
0x00007ffb11970000 - 0x00007ffb11a70000 	C:\Windows\System32\ucrtbase.dll
0x00007ffb076d0000 - 0x00007ffb076eb000 	C:\Program Files\Microsoft\jdk-17.0.8.7-hotspot\bin\VCRUNTIME140.dll
0x00007ffb0bb90000 - 0x00007ffb0bba7000 	C:\Program Files\Microsoft\jdk-17.0.8.7-hotspot\bin\jli.dll
0x00007ffb13cf0000 - 0x00007ffb13e8e000 	C:\Windows\System32\USER32.dll
0x00007ffaf4480000 - 0x00007ffaf471a000 	C:\Windows\WinSxS\amd64_microsoft.windows.common-controls_6595b64144ccf1df_6.0.19041.3636_none_60b6a03d71f818d5\COMCTL32.dll
0x00007ffb11c10000 - 0x00007ffb11c32000 	C:\Windows\System32\win32u.dll
0x00007ffb127f0000 - 0x00007ffb1281c000 	C:\Windows\System32\GDI32.dll
0x00007ffb11f80000 - 0x00007ffb1201e000 	C:\Windows\System32\msvcrt.dll
0x00007ffb11ac0000 - 0x00007ffb11bda000 	C:\Windows\System32\gdi32full.dll
0x00007ffb11ee0000 - 0x00007ffb11f7d000 	C:\Windows\System32\msvcp_win.dll
0x00007ffb12230000 - 0x00007ffb12260000 	C:\Windows\System32\IMM32.DLL
0x00007ffafc6e0000 - 0x00007ffafc6ec000 	C:\Program Files\Microsoft\jdk-17.0.8.7-hotspot\bin\vcruntime140_1.dll
0x00007ffacc920000 - 0x00007ffacc9ad000 	C:\Program Files\Microsoft\jdk-17.0.8.7-hotspot\bin\msvcp140.dll
0x00007ffab8090000 - 0x00007ffab8cf5000 	C:\Program Files\Microsoft\jdk-17.0.8.7-hotspot\bin\server\jvm.dll
0x00007ffb12320000 - 0x00007ffb123d3000 	C:\Windows\System32\ADVAPI32.dll
0x00007ffb13750000 - 0x00007ffb137ef000 	C:\Windows\System32\sechost.dll
0x00007ffb128b0000 - 0x00007ffb129d6000 	C:\Windows\System32\RPCRT4.dll
0x00007ffb11be0000 - 0x00007ffb11c07000 	C:\Windows\System32\bcrypt.dll
0x00007ffb11460000 - 0x00007ffb114ab000 	C:\Windows\SYSTEM32\POWRPROF.dll
0x00007ffb03ed0000 - 0x00007ffb03ed9000 	C:\Windows\SYSTEM32\WSOCK32.dll
0x00007ffb0bcb0000 - 0x00007ffb0bcba000 	C:\Windows\SYSTEM32\VERSION.dll
0x00007ffb136c0000 - 0x00007ffb1372b000 	C:\Windows\System32\WS2_32.dll
0x00007ffb02060000 - 0x00007ffb02087000 	C:\Windows\SYSTEM32\WINMM.dll
0x00007ffb11390000 - 0x00007ffb113a2000 	C:\Windows\SYSTEM32\UMPDC.dll
0x00007ffb0f3b0000 - 0x00007ffb0f3c2000 	C:\Windows\SYSTEM32\kernel.appcore.dll
0x00007ffafb980000 - 0x00007ffafb98a000 	C:\Program Files\Microsoft\jdk-17.0.8.7-hotspot\bin\jimage.dll
0x00007ffaf38a0000 - 0x00007ffaf3a84000 	C:\Windows\SYSTEM32\DBGHELP.DLL
0x00007ffaf4140000 - 0x00007ffaf4174000 	C:\Windows\SYSTEM32\dbgcore.DLL
0x00007ffb11da0000 - 0x00007ffb11e22000 	C:\Windows\System32\bcryptPrimitives.dll
0x00007ffaf6280000 - 0x00007ffaf62a5000 	C:\Program Files\Microsoft\jdk-17.0.8.7-hotspot\bin\java.dll
0x00007ffac0b70000 - 0x00007ffac0c47000 	C:\Program Files\Microsoft\jdk-17.0.8.7-hotspot\bin\jsvml.dll
0x00007ffb12b00000 - 0x00007ffb13245000 	C:\Windows\System32\SHELL32.dll
0x00007ffb0f690000 - 0x00007ffb0fe2b000 	C:\Windows\SYSTEM32\windows.storage.dll
0x00007ffb12490000 - 0x00007ffb127e4000 	C:\Windows\System32\combase.dll
0x00007ffb10e80000 - 0x00007ffb10ead000 	C:\Windows\SYSTEM32\Wldp.dll
0x00007ffb123e0000 - 0x00007ffb1248d000 	C:\Windows\System32\SHCORE.dll
0x00007ffb13910000 - 0x00007ffb13965000 	C:\Windows\System32\shlwapi.dll
0x00007ffb11530000 - 0x00007ffb11555000 	C:\Windows\SYSTEM32\profapi.dll
0x00007ffad7d30000 - 0x00007ffad7d49000 	C:\Program Files\Microsoft\jdk-17.0.8.7-hotspot\bin\net.dll
0x00007ffb0a6a0000 - 0x00007ffb0a7aa000 	C:\Windows\SYSTEM32\WINHTTP.dll
0x00007ffb10c60000 - 0x00007ffb10cca000 	C:\Windows\system32\mswsock.dll
0x00007ffad7280000 - 0x00007ffad7296000 	C:\Program Files\Microsoft\jdk-17.0.8.7-hotspot\bin\nio.dll
0x00007ffad6910000 - 0x00007ffad6928000 	C:\Program Files\Microsoft\jdk-17.0.8.7-hotspot\bin\zip.dll
0x00007ffaf8890000 - 0x00007ffaf88a0000 	C:\Program Files\Microsoft\jdk-17.0.8.7-hotspot\bin\verify.dll
0x00007ffad6650000 - 0x00007ffad6677000 	C:\Users\pc\.gradle\native\68d5fa5c4cc2d200863cafc0d521ce42e7d3e7ee720ec0a83991735586a16f82\windows-amd64\native-platform.dll
0x00007ffac02a0000 - 0x00007ffac03e4000 	C:\Users\pc\.gradle\native\e376f236ea51e6404a007f0833ffe2c6e607c4080706a723a18a27aeea778392\windows-amd64\native-platform-file-events.dll
0x00007ffaf7f30000 - 0x00007ffaf7f39000 	C:\Program Files\Microsoft\jdk-17.0.8.7-hotspot\bin\management.dll
0x00007ffaf7bf0000 - 0x00007ffaf7bfb000 	C:\Program Files\Microsoft\jdk-17.0.8.7-hotspot\bin\management_ext.dll
0x00007ffb13740000 - 0x00007ffb13748000 	C:\Windows\System32\PSAPI.DLL
0x00007ffb111d0000 - 0x00007ffb111e8000 	C:\Windows\SYSTEM32\CRYPTSP.dll
0x00007ffb105b0000 - 0x00007ffb105e4000 	C:\Windows\system32\rsaenh.dll
0x00007ffb114b0000 - 0x00007ffb114de000 	C:\Windows\SYSTEM32\USERENV.dll
0x00007ffb10df0000 - 0x00007ffb10dfc000 	C:\Windows\SYSTEM32\CRYPTBASE.dll
0x00007ffb10970000 - 0x00007ffb109ab000 	C:\Windows\SYSTEM32\IPHLPAPI.DLL
0x00007ffb13730000 - 0x00007ffb13738000 	C:\Windows\System32\NSI.dll
0x00007ffb0bb00000 - 0x00007ffb0bb17000 	C:\Windows\SYSTEM32\dhcpcsvc6.DLL
0x00007ffb0bae0000 - 0x00007ffb0bafd000 	C:\Windows\SYSTEM32\dhcpcsvc.DLL
0x00007ffb109b0000 - 0x00007ffb10a7a000 	C:\Windows\SYSTEM32\DNSAPI.dll
0x00007ffaf7490000 - 0x00007ffaf749e000 	C:\Program Files\Microsoft\jdk-17.0.8.7-hotspot\bin\sunmscapi.dll
0x00007ffb11c40000 - 0x00007ffb11d9d000 	C:\Windows\System32\CRYPT32.dll
0x00007ffb10ef0000 - 0x00007ffb10f18000 	C:\Windows\SYSTEM32\ncrypt.dll
0x00007ffb10eb0000 - 0x00007ffb10eeb000 	C:\Windows\SYSTEM32\NTASN1.dll
0x00007ffafb7f0000 - 0x00007ffafb7f7000 	C:\Windows\system32\wshunix.dll
0x00007ffb07c40000 - 0x00007ffb07c57000 	C:\Windows\system32\napinsp.dll
0x00007ffb01070000 - 0x00007ffb0108b000 	C:\Windows\system32\pnrpnsp.dll
0x00007ffaf1820000 - 0x00007ffaf1835000 	C:\Windows\system32\wshbth.dll
0x00007ffb0cf30000 - 0x00007ffb0cf4d000 	C:\Windows\system32\NLAapi.dll
0x00007ffb01050000 - 0x00007ffb01062000 	C:\Windows\System32\winrnr.dll
0x00007ffb07680000 - 0x00007ffb0768a000 	C:\Windows\System32\rasadhlp.dll
0x00007ffb0a240000 - 0x00007ffb0a2c0000 	C:\Windows\System32\fwpuclnt.dll

dbghelp: loaded successfully - version: 4.0.5 - missing functions: none
symbol engine: initialized successfully - sym options: 0x614 - pdb path: .;C:\Program Files\Microsoft\jdk-17.0.8.7-hotspot\bin;C:\Windows\SYSTEM32;C:\Windows\WinSxS\amd64_microsoft.windows.common-controls_6595b64144ccf1df_6.0.19041.3636_none_60b6a03d71f818d5;C:\Program Files\Microsoft\jdk-17.0.8.7-hotspot\bin\server;C:\Users\pc\.gradle\native\68d5fa5c4cc2d200863cafc0d521ce42e7d3e7ee720ec0a83991735586a16f82\windows-amd64;C:\Users\pc\.gradle\native\e376f236ea51e6404a007f0833ffe2c6e607c4080706a723a18a27aeea778392\windows-amd64

VM Arguments:
jvm_args: -XX:MaxMetaspaceSize=512m --add-opens=java.base/java.util=ALL-UNNAMED --add-opens=java.base/java.lang=ALL-UNNAMED --add-opens=java.base/java.lang.invoke=ALL-UNNAMED --add-opens=java.prefs/java.util.prefs=ALL-UNNAMED --add-opens=java.base/java.nio.charset=ALL-UNNAMED --add-opens=java.base/java.net=ALL-UNNAMED --add-opens=java.base/java.util.concurrent.atomic=ALL-UNNAMED -Xmx2048m -Dfile.encoding=windows-1252 -Duser.country=US -Duser.language=en -Duser.variant 
java_command: org.gradle.launcher.daemon.bootstrap.GradleDaemon 8.0.1
java_class_path (initial): C:\Users\pc\.gradle\wrapper\dists\gradle-8.0.1-all\aro4hu1c3oeioove7l0i4i14o\gradle-8.0.1\lib\gradle-launcher-8.0.1.jar
Launcher Type: SUN_STANDARD

[Global flags]
     intx CICompilerCount                          = 3                                         {product} {ergonomic}
   size_t CompressedClassSpaceSize                 = 436207616                                 {product} {ergonomic}
     uint ConcGCThreads                            = 1                                         {product} {ergonomic}
     uint G1ConcRefinementThreads                  = 4                                         {product} {ergonomic}
   size_t G1HeapRegionSize                         = 1048576                                   {product} {ergonomic}
    uintx GCDrainStackTargetSize                   = 64                                        {product} {ergonomic}
   size_t InitialHeapSize                          = 268435456                                 {product} {ergonomic}
   size_t MarkStackSize                            = 4194304                                   {product} {ergonomic}
   size_t MaxHeapSize                              = 2147483648                                {product} {command line}
   size_t MaxMetaspaceSize                         = 536870912                                 {product} {command line}
   size_t MaxNewSize                               = 1287651328                                {product} {ergonomic}
   size_t MinHeapDeltaBytes                        = 1048576                                   {product} {ergonomic}
   size_t MinHeapSize                              = 8388608                                   {product} {ergonomic}
    uintx NonNMethodCodeHeapSize                   = 5832780                                {pd product} {ergonomic}
    uintx NonProfiledCodeHeapSize                  = 122912730                              {pd product} {ergonomic}
    uintx ProfiledCodeHeapSize                     = 122912730                              {pd product} {ergonomic}
    uintx ReservedCodeCacheSize                    = 251658240                              {pd product} {ergonomic}
     bool SegmentedCodeCache                       = true                                      {product} {ergonomic}
   size_t SoftMaxHeapSize                          = 2147483648                             {manageable} {ergonomic}
     bool UseCompressedClassPointers               = true                           {product lp64_product} {ergonomic}
     bool UseCompressedOops                        = true                           {product lp64_product} {ergonomic}
     bool UseG1GC                                  = true                                      {product} {ergonomic}
     bool UseLargePagesIndividualAllocation        = false                                  {pd product} {ergonomic}

Logging:
Log output configuration:
 #0: stdout all=warning uptime,level,tags
 #1: stderr all=off uptime,level,tags

Environment Variables:
JAVA_HOME=C:\Program Files\Microsoft\jdk-17.0.8.7-hotspot\
CLASSPATH=E:\Frontend\Exhaust\android\\gradle\wrapper\gradle-wrapper.jar
PATH=E:\Frontend\Exhaust\node_modules\.bin;E:\Frontend\Exhaust\node_modules\.bin;E:\Frontend\node_modules\.bin;E:\node_modules\.bin;C:\Program Files\nodejs\node_modules\npm\node_modules\@npmcli\run-script\lib\node-gyp-bin;C:\Program Files\Microsoft\jdk-17.0.8.7-hotspot\bin;C:\Windows\system32;C:\Windows;C:\Windows\System32\Wbem;C:\Windows\System32\WindowsPowerShell\v1.0\;C:\Windows\System32\OpenSSH\;C:\Program Files\Git\cmd;C:\ProgramData\chocolatey\bin;C:\Program Files\nodejs\;C:\Users\pc\AppData\Local\Android\Sdk\platform-tools;C:\Users\pc\AppData\Local\Microsoft\WindowsApps;;C:\Users\pc\AppData\Local\Programs\Microsoft VS Code\bin;C:\Users\pc\AppData\Roaming\npm
USERNAME=pc
LANG=en_US.UTF-8
OS=Windows_NT
PROCESSOR_IDENTIFIER=Intel64 Family 6 Model 94 Stepping 3, GenuineIntel
TMP=C:\Users\pc\AppData\Local\Temp
TEMP=C:\Users\pc\AppData\Local\Temp



---------------  S Y S T E M  ---------------

OS:
 Windows 10 , 64 bit Build 19041 (10.0.19041.3636)
OS uptime: 18 days 3:38 hours
Hyper-V role detected

CPU: total 4 (initial active 4) (4 cores per cpu, 1 threads per core) family 6 model 94 stepping 3 microcode 0xcc, cx8, cmov, fxsr, mmx, 3dnowpref, sse, sse2, sse3, ssse3, sse4.1, sse4.2, popcnt, lzcnt, tsc, tscinvbit, avx, avx2, aes, erms, clmul, bmi1, bmi2, rtm, adx, fma, vzeroupper, clflush, clflushopt, hv
Processor Information for all 4 processors :
  Max Mhz: 3192, Current Mhz: 3192, Mhz Limit: 3192

Memory: 4k page, system-wide physical 16265M (8521M free)
TotalPageFile size 21637M (AvailPageFile size 9142M)
current process WorkingSet (physical memory assigned to process): 724M, peak: 736M
current process commit charge ("private bytes"): 833M, peak: 845M

vm_info: OpenJDK 64-Bit Server VM (17.0.8+7-LTS) for windows-amd64 JRE (17.0.8+7-LTS), built on Jul  7 2023 17:21:55 by "MicrosoftCorporation" with MS VC++ 16.10 / 16.11 (VS2019)

END.
